Division Name,School Name,percentage_english_learners
Accomack County,Accawmacke Elementary,0.26424870466321243
Accomack County,Arcadia High,0.13897280966767372
Accomack County,Arcadia Middle,0.18604651162790697
Accomack County,Chincoteague Elementary,0.0
Accomack County,Chincoteague High,0.0
Accomack County,Kegotank Elementary,0.21244635193133046
Accomack County,Metompkin Elementary,0.39097744360902253
Accomack County,Nandua High,0.0644122383252818
Accomack County,Nandua Middle,0.09736842105263158
Accomack County,Pungoteague Elementary,0.13176470588235295
Accomack County,Tangier Combined,0.0
Albemarle County,Agnor-Hurt Elementary,0.24107142857142858
Albemarle County,Albemarle High,1.0
Albemarle County,Baker-Butler Elem,0.1199400299850075
Albemarle County,Broadus Wood Elementary,0.0
Albemarle County,Brownsville Elementary,0.0
Albemarle County,Community Lab School,0.0
Albemarle County,Crozet Elementary,0.0
Albemarle County,Hollymead Elementary,0.050595238095238096
Albemarle County,Jack Jouett Middle,0.15384615384615385
Albemarle County,Jackson P. Burley Middle,0.09124767225325885
Albemarle County,Joseph T. Henley Middle,0.011990407673860911
Albemarle County,Lakeside Middle,0.032818532818532815
Albemarle County,Leslie H. Walton Middle,0.0
Albemarle County,Mary Carr Greer Elementary,0.32489451476793246
Albemarle County,Meriwether Lewis Elementary,0.0
Albemarle County,Monticello High,1.0
Albemarle County,Mountain View Elementary,0.1731301939058172
Albemarle County,Red Hill Elementary,0.0
Albemarle County,Scottsville Elementary,0.0
Albemarle County,Stone Robinson Elementary,0.055674518201284794
Albemarle County,Stony Point Elementary,0.0
Albemarle County,Virginia L. Murray Elementary,0.0
Albemarle County,Western Albemarle High,
Albemarle County,Woodbrook Elementary,0.2206148282097649
Alexandria City,Alexandria City High,
Alexandria City,Charles Barrett Elementary,0.32228360957642727
Alexandria City,Cora Kelly School for Math Science and Technology,0.5606060606060606
Alexandria City,Douglas Macarthur Elementary,0.22
Alexandria City,Early Childhood Center,0.0
Alexandria City,Ferdinand T. Day Elementary,0.7504690431519699
Alexandria City,Francis C. Hammond Middle,0.44299065420560746
Alexandria City,George Mason Elementary,0.31085043988269795
Alexandria City,George Washington Middle,0.2436837815810921
Alexandria City,James K. Polk Elementary,0.5690376569037657
Alexandria City,Jefferson-Houston PK-8 School,0.18288590604026847
Alexandria City,John Adams Elementary,0.5984962406015037
Alexandria City,Lyles-Crouch Elementary,0.08505154639175258
Alexandria City,Mount Vernon Elementary,0.45161290322580644
Alexandria City,Naomi L. Brooks Elementary,0.08059701492537313
Alexandria City,Patrick Henry K-8 School,0.4356687898089172
Alexandria City,Samuel W. Tucker Elementary,0.41906202723146746
Alexandria City,William Ramsay Elementary,0.6631016042780749
Alleghany County,Alleghany High,0.0
Alleghany County,Callaghan Elementary,0.0
Alleghany County,Clifton Middle,0.0
Alleghany County,Mountain View Elementary,0.0
Alleghany County,Sharon Elementary,0.0
Amelia County,Amelia County Elementary,0.03934871099050204
Amelia County,Amelia County High,0.0
Amelia County,Amelia County Middle,0.03535353535353535
Amherst County,Amelon Elementary,0.0
Amherst County,Amherst County High,
Amherst County,Amherst Elementary,0.0
Amherst County,Amherst Middle,0.0
Amherst County,Central Elementary,0.0
Amherst County,Elon Elementary,0.0
Amherst County,Madison Heights Elementary,0.0
Amherst County,Monelison Middle,0.0
Amherst County,Temperance Elementary,0.0
Appomattox County,Appomattox County High,0.0
Appomattox County,Appomattox Elementary,0.0
Appomattox County,Appomattox Middle,0.0
Appomattox County,Appomattox Primary,0.0
Arlington County,Abingdon Elementary,0.3892128279883382
Arlington County,Alice West Fleet Elementary,0.3188405797101449
Arlington County,Arlington Community High,0.7670454545454546
Arlington County,Arlington Science Focus School,0.1111111111111111
Arlington County,Arlington Traditional,0.2633390705679862
Arlington County,Ashlawn Elementary,0.1931166347992352
Arlington County,Barcroft Elementary,0.5036496350364964
Arlington County,Barrett Elementary,0.5323886639676113
Arlington County,Campbell Elementary,0.3483709273182957
Arlington County,Cardinal Elementary,0.040310077519379844
Arlington County,Carlin Springs Elementary,0.7296786389413988
Arlington County,Claremont Immersion,0.33487654320987653
Arlington County,Discovery Elementary,0.04133858267716536
Arlington County,Dorothy Hamm Middle,0.06280193236714976
Arlington County,Dr. Charles R. Drew Elementary,0.35498839907192575
Arlington County,Escuela Key Elementary,0.3859060402684564
Arlington County,Glebe Elementary,0.12429378531073447
Arlington County,Gunston Middle,0.21138211382113822
Arlington County,Hoffman-Boston Elementary,0.4749536178107607
Arlington County,Innovation Elementary,0.2572944297082228
Arlington County,Integration Station,0.0
Arlington County,Jamestown Elementary,0.030425963488843813
Arlington County,Jefferson Middle,0.22777777777777777
Arlington County,Kenmore Middle,0.3379224030037547
Arlington County,Long Branch Elementary,0.3005181347150259
Arlington County,Montessori Public School of Arlington,0.19181034482758622
Arlington County,Nottingham Elementary,0.040100250626566414
Arlington County,Oakridge Elementary,0.20938023450586266
Arlington County,Randolph Elementary,0.6090225563909775
Arlington County,Swanson Middle,0.09953703703703703
Arlington County,Taylor Elementary,0.05189620758483034
Arlington County,Tuckahoe Elementary,0.049528301886792456
Arlington County,Wakefield High,1.0
Arlington County,Washington-Liberty High,1.0
Arlington County,Williamsburg Middle,0.0
Arlington County,Yorktown High,1.0
Augusta County,Beverley Manor Middle,0.0
Augusta County,Buffalo Gap High,0.0
Augusta County,Cassell Elementary,0.019402985074626865
Augusta County,Churchville Elementary,0.0
Augusta County,Craigsville Elementary,0.0
Augusta County,Edward G. Clymore Elementary,0.06639004149377593
Augusta County,Fort Defiance High,0.0
Augusta County,Guy K. Stump Elementary,0.0
Augusta County,North River Elementary,0.07142857142857142
Augusta County,Riverheads Elementary,0.0
Augusta County,Riverheads High,0.0
Augusta County,S. Gordon Stewart Middle,0.028747433264887063
Augusta County,Stuarts Draft Elementary,0.017921146953405017
Augusta County,Stuarts Draft High,0.0
Augusta County,Stuarts Draft Middle,0.0
Augusta County,Wilson Elementary,0.057926829268292686
Augusta County,Wilson Memorial High,0.018292682926829267
Augusta County,Wilson Middle,0.0
Bath County,Bath County High,0.0
Bath County,Millboro Elementary,0.0
Bath County,Valley Elementary,0.0
Bedford County,Bedford Elementary,0.0
Bedford County,Bedford Primary,0.0
Bedford County,Big Island Elementary,0.0
Bedford County,Boonsboro Elementary,0.03254437869822485
Bedford County,Forest Elementary,0.031609195402298854
Bedford County,Forest Middle,0.0
Bedford County,Goodview Elementary,0.0
Bedford County,Huddleston Elementary,0.0
Bedford County,Jefferson Forest High,
Bedford County,Liberty High,0.0
Bedford County,Liberty Middle,0.0
Bedford County,Moneta Elementary,0.0
Bedford County,Montvale Elementary,0.0
Bedford County,New London Academy Elementary,0.0
Bedford County,Otter River Elementary,0.0
Bedford County,Staunton River High,0.0
Bedford County,Staunton River Middle,0.0
Bedford County,Stewartsville Elementary,0.0471976401179941
Bedford County,Thomas Jefferson Elementary,0.0
Bland County,Bland County Elementary,0.0
Bland County,Bland County High,0.0
Botetourt County,Breckinridge Elementary,0.0
Botetourt County,Buchanan Elementary,0.0
Botetourt County,Central Academy Middle,0.0
Botetourt County,Cloverdale Elementary,0.0
Botetourt County,Colonial Elementary,0.0
Botetourt County,Eagle Rock Elementary,0.0
Botetourt County,Greenfield Elementary,0.10772833723653395
Botetourt County,James River High,0.0
Botetourt County,Lord Botetourt High,0.009930486593843098
Botetourt County,Read Mountain Middle,0.0192
Botetourt County,Troutville Elementary,0.0
Bristol City,Highland View Elementary,0.0
Bristol City,Joseph Van Pelt Elementary,0.0
Bristol City,Stonewall Jackson Elementary,0.0
Bristol City,Virginia High,0.0
Bristol City,Virginia Middle,0.0
Bristol City,Washington-Lee Elementary,0.0
Brunswick County,Brunswick High,0.0
Brunswick County,James S. Russell Middle,0.0
Brunswick County,Meherrin Powellton Elementary,0.056179775280898875
Brunswick County,Red Oak-Sturgeon Elementary,0.0
Brunswick County,Totaro Elementary,0.0
Buchanan County,Council Elementary/Middle,0.0
Buchanan County,Council High,0.0
Buchanan County,Grundy High,0.0
Buchanan County,Hurley Elementary/Middle,0.0
Buchanan County,Hurley High,0.0
Buchanan County,Riverview Elementary/Middle,0.0
Buchanan County,Twin Valley Elementary/Middle,0.0
Buchanan County,Twin Valley High,0.0
Buckingham County,Buckingham Co Elementary,0.024330900243309004
Buckingham County,Buckingham Co Prekindergarten Center,0.0
Buckingham County,Buckingham Co Primary,0.0
Buckingham County,Buckingham County High,0.0
Buckingham County,Buckingham County Middle,0.0
Buena Vista City,Enderly Heights Elementary,0.0
Buena Vista City,F.W. Kling Jr. Elementary,0.0
Buena Vista City,Parry McCluer High,0.0
Buena Vista City,Parry McCluer Middle,0.0
Campbell County,Altavista Elementary,0.0
Campbell County,Altavista High,0.0
Campbell County,Brookneal Elementary,0.0
Campbell County,Brookville High,0.02354145342886387
Campbell County,Brookville Middle,0.029453015427769985
Campbell County,Concord Elementary,0.0
Campbell County,Leesville Road Elementary,0.09153713298791019
Campbell County,Rustburg Elementary,0.0
Campbell County,Rustburg High,0.0
Campbell County,Rustburg Middle,0.030405405405405407
Campbell County,Tomahawk Elementary,0.04817518248175182
Campbell County,William Campbell High,0.0
Campbell County,Yellow Branch Elementary,0.02877697841726619
Caroline County,Bowling Green Elementary,0.03956343792633015
Caroline County,Caroline High,1.0
Caroline County,Caroline Middle,0.015889830508474576
Caroline County,Lewis and Clark Elementary,0.025522041763341066
Caroline County,Madison Elementary,0.045662100456621
Carroll County,Carroll County High,1.0
Carroll County,Carroll County Middle,0.02826379542395693
Carroll County,Fancy Gap Elementary,0.0
Carroll County,Gladesboro Elementary,0.0
Carroll County,Gladeville Elementary,0.09349593495934959
Carroll County,Hillsville Elementary,0.035940803382663845
Carroll County,Laurel Elementary,0.0
Carroll County,Oakland Elementary,0.12371134020618557
Carroll County,St. Paul,0.050793650793650794
Charles City County,Charles City County Elementary,0.0
Charles City County,Charles City County High,0.0
Charlotte County,Bacon District Elementary,0.0
Charlotte County,Central Middle,0.0
Charlotte County,Eureka Elementary,0.0
Charlotte County,Phenix Elementary,0.0
Charlotte County,Randolph-Henry High,0.0
Charlottesville City,Buford Middle,0.11029411764705882
Charlottesville City,Burnley-Moran Elementary,0.102803738317757
Charlottesville City,Charlottesville High,1.0
Charlottesville City,Clark Elementary,0.18125
Charlottesville City,Greenbrier Elementary,0.18996415770609318
Charlottesville City,Jackson-Via Elementary,0.084375
Charlottesville City,Johnson Elementary,0.09395973154362416
Charlottesville City,Venable Elementary,0.07446808510638298
Charlottesville City,Walker Upper Elementary,0.13780918727915195
Chesapeake City,B.M. Williams Primary,0.04287369640787949
Chesapeake City,Butts Road Intermediate,0.0
Chesapeake City,Butts Road Primary,0.02717391304347826
Chesapeake City,Camelot Elementary,0.07756813417190776
Chesapeake City,Cedar Road Elementary,0.02345679012345679
Chesapeake City,Crestwood Intermediate,0.03768115942028986
Chesapeake City,Crestwood Middle,0.026217228464419477
Chesapeake City,Deep Creek Central Elementary,0.0
Chesapeake City,Deep Creek Elementary,0.11695137976346912
Chesapeake City,Deep Creek High,1.0
Chesapeake City,Deep Creek Middle,0.041343669250646
Chesapeake City,Edwin W. Chittum Elementary,0.0
Chesapeake City,G.A. Treakle Elementary,0.09259259259259259
Chesapeake City,George W. Carver Intermediate,0.13654618473895583
Chesapeake City,Georgetown Primary,0.036671368124118475
Chesapeake City,Grassfield Elementary,1.0
Chesapeake City,Grassfield High,1.0
Chesapeake City,Great Bridge High,1.0
Chesapeake City,Great Bridge Intermediate,0.0
Chesapeake City,Great Bridge Middle,
Chesapeake City,Great Bridge Primary,0.0
Chesapeake City,Greenbrier Intermediate,0.0
Chesapeake City,Greenbrier Middle,0.0
Chesapeake City,Greenbrier Primary,0.03592814371257485
Chesapeake City,Hickory Elementary,0.0
Chesapeake City,Hickory High,
Chesapeake City,Hickory Middle,
Chesapeake City,Hugo A. Owens Middle,1.0
Chesapeake City,Indian River High,1.0
Chesapeake City,Indian River Middle,0.0
Chesapeake City,Jolliff Middle,0.0
Chesapeake City,Norfolk Highlands Primary,0.0
Chesapeake City,Oscar F. Smith High,1.0
Chesapeake City,Oscar Smith Middle,0.0416243654822335
Chesapeake City,Portlock Primary,0.19264448336252188
Chesapeake City,Rena B. Wright Primary,0.0
Chesapeake City,Southeastern Elementary,0.012135922330097087
Chesapeake City,Southwestern Elementary,0.03473491773308958
Chesapeake City,Sparrow Road Intermediate,0.02553191489361702
Chesapeake City,Thurgood Marshall Elementary,0.0
Chesapeake City,Truitt Intermediate,0.0
Chesapeake City,Western Branch High,1.0
Chesapeake City,Western Branch Intermediate,0.013513513513513514
Chesapeake City,Western Branch Middle,0.0
Chesapeake City,Western Branch Primary,0.0
Chesterfield County,A.M. Davis Elementary,0.19484240687679083
Chesterfield County,Alberta Smith Elementary,0.030448717948717948
Chesterfield County,Bailey Bridge Middle,1.0
Chesterfield County,Bellwood Elementary,0.35908141962421714
Chesterfield County,Bensley Elementary,0.542713567839196
Chesterfield County,Bettie Weaver Elementary,0.0
Chesterfield County,Beulah Elementary,0.17796610169491525
Chesterfield County,Bon Air Elementary,0.1606837606837607
Chesterfield County,C.C. Wells Elementary,0.05956112852664577
Chesterfield County,C.E. Curtis Elementary,0.14350453172205438
Chesterfield County,Carver College and Career Academy,0.0
Chesterfield County,Carver Middle,1.0
Chesterfield County,Chester Early Childhood Learning Academy,0.0
Chesterfield County,Clover Hill Elementary,0.03636363636363636
Chesterfield County,Clover Hill High,1.0
Chesterfield County,Cosby High,
Chesterfield County,Crestwood Elementary,0.18118466898954705
Chesterfield County,Ecoff Elementary,0.05327868852459016
Chesterfield County,Elizabeth Davis Middle,1.0
Chesterfield County,Elizabeth Scott Elementary,0.28609625668449196
Chesterfield County,Enon Elementary,0.10540540540540541
Chesterfield County,Ettrick Elementary,0.022448979591836733
Chesterfield County,Evergreen Elementary,0.06651108518086347
Chesterfield County,Falling Creek Elementary,0.35917312661498707
Chesterfield County,Falling Creek Middle,0.23743500866551126
Chesterfield County,Grange Hall Elementary,0.022779043280182234
Chesterfield County,Greenfield Elementary,0.07835051546391752
Chesterfield County,Harrowgate Elementary,0.039647577092511016
Chesterfield County,Hopkins Road Elementary,0.29207232267037553
Chesterfield County,J.A. Chalkley Elementary,0.22871664548919948
Chesterfield County,J.B. Watkins Elementary,0.02802547770700637
Chesterfield County,J.G. Hening Elementary,0.2052896725440806
Chesterfield County,Jacobs Road Elementary,0.0849194729136164
Chesterfield County,James River High,1.0
Chesterfield County,Lloyd C. Bird High,1.0
Chesterfield County,Manchester High,1.0
Chesterfield County,Manchester Middle,0.08718487394957983
Chesterfield County,Marguerite F. Christian Elementary,0.052795031055900624
Chesterfield County,Matoaca Elementary,0.017421602787456445
Chesterfield County,Matoaca High,1.0
Chesterfield County,Matoaca Middle,0.0
Chesterfield County,Meadowbrook High,1.0
Chesterfield County,Midlothian High,1.0
Chesterfield County,Midlothian Middle,1.0
Chesterfield County,Monacan High,1.0
Chesterfield County,O.B. Gates Elementary,0.07481751824817519
Chesterfield County,Old Hundred Elementary,0.0
Chesterfield County,Providence Elementary,0.06807131280388978
Chesterfield County,Providence Middle,0.12186788154897495
Chesterfield County,Reams Road Elementary,0.13636363636363635
Chesterfield County,Robious Elementary,0.035168195718654434
Chesterfield County,Robious Middle,1.0
Chesterfield County,Salem Church Elementary,0.20866141732283464
Chesterfield County,Salem Church Middle,0.10309278350515463
Chesterfield County,Spring Run Elementary,0.047018348623853214
Chesterfield County,Swift Creek Elementary,0.047619047619047616
Chesterfield County,Swift Creek Middle,1.0
Chesterfield County,Thelma Crenshaw Elementary,0.10090361445783133
Chesterfield County,Thomas Dale High,1.0
Chesterfield County,Tomahawk Creek Middle,
Chesterfield County,W.W. Gordon Elementary,0.025996533795493933
Chesterfield County,Winterpock Elementary,1.0
Chesterfield County,Woolridge Elementary,0.01728395061728395
Clarke County,Boyce Elementary,0.0664451827242525
Clarke County,Clarke County High,0.02064896755162242
Clarke County,D.G. Cooley Elementary,0.06103286384976526
Clarke County,Johnson-Williams Middle,0.037037037037037035
Colonial Beach,Colonial Beach Elementary,0.0
Colonial Beach,Colonial Beach High,0.0
Colonial Heights City,Colonial Heights High,0.032569360675512665
Colonial Heights City,Colonial Heights Middle,0.05221518987341772
Colonial Heights City,Lakeview Elementary,0.043478260869565216
Colonial Heights City,North Elementary,0.06918238993710692
Colonial Heights City,Tussing Elementary,0.06655290102389079
Covington City,Covington High,0.0
Covington City,Edgemont Primary,0.0
Covington City,Jeter-Watson Intermediate,0.0
Craig County,Craig County High,0.0
Craig County,McCleary Elementary,0.0
Culpeper County,A.G. Richardson Elementary,0.05380333951762523
Culpeper County,Culpeper County High,1.0
Culpeper County,Culpeper Middle,0.10882352941176471
Culpeper County,Eastern View High,1.0
Culpeper County,Emerald Hill Elementary,0.04678362573099415
Culpeper County,Farmington Elementary,0.2962962962962963
Culpeper County,Floyd T. Binns Middle,0.15374677002583978
Culpeper County,Galbreath-Marshall Building,
Culpeper County,Pearl Sample Elementary,0.1703204047217538
Culpeper County,Sycamore Park Elementary,0.2971014492753623
Culpeper County,Yowell Elementary,0.16485225505443235
Cumberland County,Cumberland Elementary,0.0
Cumberland County,Cumberland High,0.0
Cumberland County,Cumberland Middle,0.0
Danville City,Edwin A. Gibson Elementary,0.07721280602636535
Danville City,Forest Hills Elementary,0.0892018779342723
Danville City,G.L.H. Johnson Elementary,0.03131115459882583
Danville City,Galileo Magnet High,0.0
Danville City,George Washington High,1.0
Danville City,Grove Park Preschool,0.0
Danville City,O. Trent Bonner Middle,0.022566995768688293
Danville City,Park Avenue Elementary,0.11825192802056556
Danville City,Schoolfield Elementary,0.05241935483870968
Danville City,The Northside Preschool,0.0
Danville City,Westwood Middle,0.05925925925925926
Danville City,Woodberry Hills Elementary,0.04568527918781726
Dickenson County,Clintwood Elementary,0.0
Dickenson County,Ervinton Elementary,0.0
Dickenson County,Ridgeview High,0.0
Dickenson County,Ridgeview Middle,0.0
Dickenson County,Sandlick Elementary,0.0
Dinwiddie County,Dinwiddie County High,1.0
Dinwiddie County,Dinwiddie County Middle,0.010964912280701754
Dinwiddie County,Dinwiddie Elementary,0.0
Dinwiddie County,Midway Elementary,0.0
Dinwiddie County,Southside Elementary,0.08628318584070796
Dinwiddie County,Sunnyside Elementary,0.0
Dinwiddie County,Sutherland Elementary,0.022304832713754646
Essex County,Essex High,0.0
Essex County,James H. Cary Intermediate,0.04945054945054945
Essex County,Tappahannock Elementary,0.02697495183044316
Fairfax County,Aldrin Elementary,0.19334719334719336
Fairfax County,Annandale High,1.0
Fairfax County,Annandale Terrace Elementary,0.6016260162601627
Fairfax County,Archer Elementary,0.09876543209876543
Fairfax County,Armstrong Elementary,0.10571428571428572
Fairfax County,Bailey's Elementary School for the Arts and Sciences,0.5799492385786802
Fairfax County,Bailey's Upper Elementary School for the Arts and Sciences,0.7145833333333333
Fairfax County,Beech Tree Elementary,0.4604105571847507
Fairfax County,Belle View Elementary,0.26184538653366585
Fairfax County,Belvedere Elementary,0.33861386138613864
Fairfax County,Bonnie Brae Elementary,0.13112582781456952
Fairfax County,Braddock Elementary,0.743030303030303
Fairfax County,Bren Mar Park Elementary,0.45215311004784686
Fairfax County,Brookfield Elementary,0.4750378214826021
Fairfax County,Bryant High,0.5851851851851851
Fairfax County,Bucknell Elementary,0.37130801687763715
Fairfax County,Bull Run Early Childhood Resource Center,0.0
Fairfax County,Bull Run Elementary,0.2816265060240964
Fairfax County,Bush Hill Elementary,0.1570945945945946
Fairfax County,Camelot Elementary,0.3215613382899628
Fairfax County,Cameron Elementary,0.42951541850220265
Fairfax County,Canterbury Woods Elementary,0.08628005657708628
Fairfax County,Cardinal Forest Elementary,0.2265193370165746
Fairfax County,Carson Middle,1.0
Fairfax County,Centre Ridge Elementary,0.45068285280728376
Fairfax County,Centreville Elementary,0.2683923705722071
Fairfax County,Centreville High,1.0
Fairfax County,Chantilly High,1.0
Fairfax County,Cherry Run Elementary,0.05301204819277108
Fairfax County,Chesterbrook Elementary,0.047787610619469026
Fairfax County,Churchill Road Elementary,0.0817391304347826
Fairfax County,Clearview Elementary,0.45698924731182794
Fairfax County,Clermont Elementary,0.1111111111111111
Fairfax County,Coates Elementary,0.45718432510885343
Fairfax County,Columbia Elementary,0.31865284974093266
Fairfax County,Colvin Run Elementary,0.0546448087431694
Fairfax County,Cooper Middle,0.03138075313807531
Fairfax County,Crestwood Elementary,0.6184971098265896
Fairfax County,Crossfield Elementary,0.07427536231884058
Fairfax County,Cub Run Elementary,0.10986964618249534
Fairfax County,Cunningham Park Elementary,0.2860635696821516
Fairfax County,Daniels Run Elementary,0.273224043715847
Fairfax County,Deer Park Elementary,0.20408163265306123
Fairfax County,Dogwood Elementary,0.5691056910569106
Fairfax County,Dranesville Elementary,0.34476843910806176
Fairfax County,Dunn Loring Early Childhood Resource Center,0.0
Fairfax County,Eagle View Elementary,0.24448529411764705
Fairfax County,Edison High,1.0
Fairfax County,Fairfax County Adult High,0.8759124087591241
Fairfax County,Fairfax High,1.0
Fairfax County,Fairfax Villa Elementary,0.23516949152542374
Fairfax County,Fairhill Elementary,0.2865731462925852
Fairfax County,Fairview Elementary,0.05722460658082976
Fairfax County,Falls Church High,1.0
Fairfax County,Flint Hill Elementary,0.05263157894736842
Fairfax County,Floris Elementary,0.17851739788199697
Fairfax County,Forest Edge Elementary,0.35185185185185186
Fairfax County,Forestdale Elementary,0.46496815286624205
Fairfax County,Forestville Elementary,0.056179775280898875
Fairfax County,Fort Belvoir Elementary,0.033566433566433566
Fairfax County,Fort Belvoir Upper Elementary,0.016566265060240965
Fairfax County,Fort Hunt Elementary,0.11205073995771671
Fairfax County,Fox Mill Elementary,0.06039076376554174
Fairfax County,Franconia Elementary,0.25349301397205587
Fairfax County,Franklin Middle,0.0973111395646607
Fairfax County,Freedom Hill Elementary,0.3525641025641026
Fairfax County,Frost Middle,1.0
Fairfax County,Garfield Elementary,0.5789473684210527
Fairfax County,Glasgow Middle,0.4666142969363708
Fairfax County,Glen Forest Elementary,0.6163215590742996
Fairfax County,Graham Road Elementary,0.6147540983606558
Fairfax County,Great Falls Elementary,0.045364891518737675
Fairfax County,Greenbriar East Elementary,0.24647887323943662
Fairfax County,Greenbriar West Elementary,0.16580310880829016
Fairfax County,Groveton Elementary,0.5014367816091954
Fairfax County,Gunston Elementary,0.24266144814090018
Fairfax County,Halley Elementary,0.19320214669051877
Fairfax County,Haycock Elementary,0.035545023696682464
Fairfax County,Hayfield Elementary,0.0987460815047022
Fairfax County,Hayfield Secondary,1.0
Fairfax County,Herndon Elementary,0.5839017735334243
Fairfax County,Herndon High,1.0
Fairfax County,Herndon Middle,0.38259833134684146
Fairfax County,Hollin Meadows Elementary,0.36363636363636365
Fairfax County,Holmes Middle,0.3870481927710843
Fairfax County,Hughes Middle,0.20095693779904306
Fairfax County,Hunt Valley Elementary,0.06929133858267716
Fairfax County,Hunters Woods Elementary School for the Arts and Sciences,0.15261627906976744
Fairfax County,Hutchison Elementary,0.7173038229376257
Fairfax County,Hybla Valley Elementary,0.7385943279901356
Fairfax County,Irving Middle,1.0
Fairfax County,Island Creek Elementary,0.09447674418604651
Fairfax County,Jackson Middle,0.3352735739231665
Fairfax County,Johnson Middle,0.18222222222222223
Fairfax County,Justice High,1.0
Fairfax County,Keene Mill Elementary,0.14202898550724638
Fairfax County,Kent Gardens Elementary,0.10718002081165452
Fairfax County,Key Center,0.38095238095238093
Fairfax County,Key Middle,0.4674329501915709
Fairfax County,Kilmer Center,0.5283018867924528
Fairfax County,Kilmer Middle,0.12385786802030457
Fairfax County,Kings Glen Elementary,0.21406727828746178
Fairfax County,Kings Park Elementary,0.19008264462809918
Fairfax County,Lake Anne Elementary,0.2965009208103131
Fairfax County,Lake Braddock Secondary,1.0
Fairfax County,Lane Elementary,0.16005873715124816
Fairfax County,Langley High,1.0
Fairfax County,Laurel Hill Elementary,0.14992503748125938
Fairfax County,Laurel Ridge Elementary,0.07460732984293193
Fairfax County,Lees Corner Elementary,0.18324607329842932
Fairfax County,Lemon Road Elementary,0.2052980132450331
Fairfax County,Lewis High,1.0
Fairfax County,Liberty Middle,0.19401197604790418
Fairfax County,Little Run Elementary,0.2116788321167883
Fairfax County,London Towne Elementary,0.2791728212703102
Fairfax County,Longfellow Middle,1.0
Fairfax County,Lorton Station Elementary,0.28815977175463625
Fairfax County,Lynbrook Elementary,0.7607476635514019
Fairfax County,Madison High,1.0
Fairfax County,Mantua Elementary,0.1134020618556701
Fairfax County,Marshall High,1.0
Fairfax County,Marshall Road Elementary,0.33699059561128525
Fairfax County,Mason Crest Elementary,0.45699831365935917
Fairfax County,McLean High,1.0
Fairfax County,McNair Elementary,0.34392523364485983
Fairfax County,McNair Upper Elementary,0.25047801147227533
Fairfax County,Mosaic Elementary,0.21325301204819277
Fairfax County,Mount Eagle Elementary,0.5493421052631579
Fairfax County,Mount Vernon High,1.0
Fairfax County,Mount Vernon Woods Elementary,0.5009140767824497
Fairfax County,Mountain View High,0.7058823529411765
Fairfax County,Navy Elementary,0.07168037602820211
Fairfax County,Newington Forest Elementary,0.18199608610567514
Fairfax County,North Springfield Elementary,0.32653061224489793
Fairfax County,Oak Hill Elementary,0.10897435897435898
Fairfax County,Oak View Elementary,0.09358288770053476
Fairfax County,Oakton Elementary,0.12831241283124128
Fairfax County,Oakton High,1.0
Fairfax County,Olde Creek Elementary,0.16300940438871472
Fairfax County,Orange Hunt Elementary,0.07238307349665925
Fairfax County,Parklawn Elementary,0.6036745406824147
Fairfax County,Pimmit Early Childhood Resource Center,0.0
Fairfax County,Pine Spring Elementary,0.5413793103448276
Fairfax County,Poe Middle,0.5530434782608695
Fairfax County,Poplar Tree Elementary,0.10152284263959391
Fairfax County,Powell Elementary,0.20125786163522014
Fairfax County,Providence Elementary,0.3715319662243667
Fairfax County,Ravensworth Elementary,0.1813380281690141
Fairfax County,Riverside Elementary,0.41626794258373206
Fairfax County,Robinson Secondary,1.0
Fairfax County,Rocky Run Middle,0.05064655172413793
Fairfax County,Rolling Valley Elementary,0.24
Fairfax County,Rose Hill Elementary,0.3184818481848185
Fairfax County,Sandburg Middle,0.20843672456575682
Fairfax County,Sangster Elementary,0.029171528588098017
Fairfax County,Saratoga Elementary,0.2716049382716049
Fairfax County,Sherman Elementary,0.1606060606060606
Fairfax County,Shrevewood Elementary,0.3215434083601286
Fairfax County,Silverbrook Elementary,0.047182175622542594
Fairfax County,Sleepy Hollow Elementary,0.6057007125890737
Fairfax County,South County High,1.0
Fairfax County,South County Middle,0.05975197294250282
Fairfax County,South Lakes High,1.0
Fairfax County,Spring Hill Elementary,0.15424164524421594
Fairfax County,Springfield Estates Elementary,0.26996197718631176
Fairfax County,Stenwood Elementary,0.10059171597633136
Fairfax County,Stone Middle,0.1732418524871355
Fairfax County,Stratford Landing Elementary,0.058655221745350504
Fairfax County,Sunrise Valley Elementary,0.09251968503937008
Fairfax County,Terra Centre Elementary,0.09137055837563451
Fairfax County,Terraset Elementary,0.18596491228070175
Fairfax County,Thomas Jefferson High for Science and Technology,
Fairfax County,Thoreau Middle,0.10348071495766697
Fairfax County,Timber Lane Elementary,0.4074074074074074
Fairfax County,Twain Middle,0.14469078179696615
Fairfax County,Union Mill Elementary,0.11571254567600488
Fairfax County,Vienna Elementary,0.07647058823529412
Fairfax County,Virginia Hills Early Childhood Resource Center,0.0
Fairfax County,Virginia Run Elementary,0.32558139534883723
Fairfax County,Wakefield Forest Elementary,0.07523510971786834
Fairfax County,Waples Mill Elementary,0.11895910780669144
Fairfax County,Washington Mill Elementary,0.3446327683615819
Fairfax County,Waynewood Elementary,0.0
Fairfax County,West Potomac High,1.0
Fairfax County,West Springfield Elementary,0.06846846846846846
Fairfax County,West Springfield High,1.0
Fairfax County,Westbriar Elementary,0.17735334242837653
Fairfax County,Westfield High,1.0
Fairfax County,Westgate Elementary,0.3096153846153846
Fairfax County,Westlawn Elementary,0.6103896103896104
Fairfax County,Weyanoke Elementary,0.5957854406130269
Fairfax County,White Oaks Elementary,0.1598173515981735
Fairfax County,Whitman Middle,0.31314623338257014
Fairfax County,Willow Springs Elementary,0.12997658079625293
Fairfax County,Wolftrap Elementary,0.036053130929791274
Fairfax County,Woodburn Elementary,0.5502183406113537
Fairfax County,Woodlawn Elementary,0.43875278396436523
Fairfax County,Woodley Hills Elementary,0.5775862068965517
Fairfax County,Woodson High,1.0
Falls Church City,Jessie Thackrey  Preschool,0.0
Falls Church City,Mary Ellen Henderson Middle,0.04634581105169341
Falls Church City,Meridian High,0.02891566265060241
Falls Church City,Mount Daniel Elementary,0.08471074380165289
Falls Church City,Oak Street Elementary,0.059063136456211814
Fauquier County,Auburn Middle,0.0
Fauquier County,C. Hunter Ritchie Elementary,0.039014373716632446
Fauquier County,C.M. Bradley Elementary,0.09970674486803519
Fauquier County,Cedar Lee Middle,0.08362989323843416
Fauquier County,Claude Thompson Elementary,0.31983805668016196
Fauquier County,Fauquier High,1.0
Fauquier County,Grace Miller Elementary,0.1359026369168357
Fauquier County,Greenville Elementary,0.02434077079107505
Fauquier County,H.M. Pearson Elementary,0.12432432432432433
Fauquier County,James G. Brumfield Elementary,0.08536585365853659
Fauquier County,Kettle Run High,1.0
Fauquier County,Liberty High,1.0
Fauquier County,Margaret M. Pierce Elementary,0.13333333333333333
Fauquier County,Marshall Middle,0.05670103092783505
Fauquier County,Mary Walter Elementary,0.2169576059850374
Fauquier County,P.B. Smith Elementary,0.02857142857142857
Fauquier County,W.C. Taylor Middle,0.0702576112412178
Fauquier County,W.G. Coleman Elementary,0.16139240506329114
Fauquier County,Warrenton Middle,0.0
Floyd County,Check Elementary,0.0
Floyd County,Floyd County High,0.017287234042553192
Floyd County,Floyd Elementary,0.022222222222222223
Floyd County,Indian Valley Elementary,0.0
Floyd County,Willis Elementary,0.0
Fluvanna County,Carysbrook Elementary,0.028953229398663696
Fluvanna County,Central Elementary,0.02926829268292683
Fluvanna County,Fluvanna County High,1.0
Fluvanna County,Fluvanna Middle,0.015006821282401092
Fluvanna County,West Central Primary,0.0
Franklin City,Franklin High,0.0
Franklin City,Joseph P. King Jr. Middle,0.0
Franklin City,S.P. Morton Elementary,0.0
Franklin County,Benjamin Franklin Middle,1.0
Franklin County,Boones Mill Elementary,0.0
Franklin County,Burnt Chimney Elementary,0.0
Franklin County,Callaway Elementary,0.0
Franklin County,Dudley Elementary,0.0
Franklin County,Ferrum Elementary,0.0
Franklin County,Franklin County High,
Franklin County,Glade Hill Elementary,0.0
Franklin County,Henry Elementary,0.0
Franklin County,Lee M. Waid Elementary,0.04155844155844156
Franklin County,Rocky Mount Elementary,0.04861111111111111
Franklin County,Snow Creek Elementary,0.0
Franklin County,Sontag Elementary,0.09722222222222222
Franklin County,Windy Gap Elementary,0.0
Frederick County,Admiral Richard E. Byrd Middle,0.05459387483355526
Frederick County,Apple Pie Ridge Elementary,0.10144927536231885
Frederick County,Armel Elementary,0.11916264090177134
Frederick County,Bass-Hoover Elementary,0.09598603839441536
Frederick County,Evendale Elementary,0.11022044088176353
Frederick County,Frederick County Middle,0.016927083333333332
Frederick County,Gainesboro Elementary,0.0
Frederick County,Greenwood Mill Elementary,0.08020477815699659
Frederick County,Indian Hollow Elementary,0.04113110539845758
Frederick County,James Wood High,1.0
Frederick County,James Wood Middle,0.11307901907356949
Frederick County,Jordan Springs Elementary,0.1388888888888889
Frederick County,Middletown Elementary,0.08199643493761141
Frederick County,Millbrook High,1.0
Frederick County,Orchard View Elementary,0.04935622317596566
Frederick County,Redbud Run Elementary,0.13204225352112675
Frederick County,Robert E. Aylor Middle,0.06413612565445026
Frederick County,Sherando High,1.0
Frederick County,Stonewall Elementary,0.1853932584269663
Fredericksburg City,Hugh Mercer Elementary,0.2331002331002331
Fredericksburg City,James Monroe High,0.11752988047808766
Fredericksburg City,Lafayette Elementary,0.2087067861715749
Fredericksburg City,Walker-Grant Early Childhood Center,0.0
Fredericksburg City,Walker-Grant Middle,0.15155807365439095
Galax City,Galax Elementary,0.17701863354037267
Galax City,Galax High,0.11235955056179775
Galax City,Galax Middle,0.14625850340136054
Giles County,Eastern Elementary/Middle,0.0
Giles County,Giles High,0.0
Giles County,Macy Mcclaugherty Elementary/Middle,0.0
Giles County,Narrows Elementary/Middle,0.0
Giles County,Narrows High,0.0
Gloucester County,Abingdon Elementary,0.0
Gloucester County,Achilles Elementary,0.0
Gloucester County,Bethel Elementary,0.0
Gloucester County,Botetourt Elementary,0.0
Gloucester County,Gloucester High,1.0
Gloucester County,Page Middle,0.0
Gloucester County,Peasley Middle,0.0
Gloucester County,Petsworth Elementary,0.0
Goochland County,Byrd Elementary,0.0
Goochland County,Goochland Elementary,0.0
Goochland County,Goochland High,0.012805587892898719
Goochland County,Goochland Middle,0.018739352640545145
Goochland County,Randolph Elementary,0.05021834061135371
Grayson County,Fairview Elementary,0.0
Grayson County,Fries Elementary,0.0
Grayson County,Grayson County High,0.0
Grayson County,Grayson Highlands,0.0
Grayson County,Independence Elementary,0.0
Grayson County,Independence Middle,0.0
Greene County,Nathanael Greene Elementary,0.0
Greene County,Nathanael Greene Primary,0.03485254691689008
Greene County,Ruckersville Elementary,0.12379110251450677
Greene County,William Monroe High,0.03552206673842842
Greene County,William Monroe Middle,0.04129793510324484
Greensville County,Belfield Elementary,0.0
Greensville County,Edward W. Wyatt Middle,0.022916666666666665
Greensville County,Greensville County High,0.020654044750430294
Greensville County,Greensville Elementary,0.043586550435865505
Halifax County,Clays Mill Elementary,0.0
Halifax County,Cluster Springs Elementary,0.026871401151631478
Halifax County,Halifax County High,1.0
Halifax County,Halifax County Middle,1.0
Halifax County,Meadville Elementary,0.0
Halifax County,Scottsburg Elementary,0.0
Halifax County,Sinai Elementary,0.0
Halifax County,South Boston Elementary,0.022988505747126436
Halifax County,South Boston/Halifax Early Learning Center,0.0
Halifax County,Sydnor Jennings Elementary,0.0
Hampton City,A.W.E. Bassette Elementary,0.0
Hampton City,Aberdeen Elementary,0.0
Hampton City,Albert W. Patrick III Elementary,0.0
Hampton City,Alfred S. Forrest Elementary,0.0
Hampton City,Armstrong Elementary,0.0
Hampton City,Barron Elementary,0.0
Hampton City,Benjamin Syms Middle,0.011482254697286013
Hampton City,Bethel High,1.0
Hampton City,C. Alton Lindsay Middle,0.01532033426183844
Hampton City,Captain John Smith Elementary,0.0
Hampton City,Cesar Tarrant Middle,0.018413597733711047
Hampton City,Christopher C. Kraft Elementary,0.0
Hampton City,Francis Asbury Elementary,0.0
Hampton City,Francis W. Jones Magnet Middle,0.0
Hampton City,George P. Phenix Elementary,1.0
Hampton City,Hampton High,1.0
Hampton City,Hunter B. Andrews,1.0
Hampton City,Jane H. Bryan Elementary,0.0
Hampton City,Kecoughtan High,
Hampton City,Luther W. Machen Elementary,0.0
Hampton City,Mary S. Peake Elementary,0.0
Hampton City,Mary T. Christian Elementary,0.0
Hampton City,Mary W. Jackson Elementary,0.0
Hampton City,Moton Early Childhood Center,0.0
Hampton City,Paul Burbank Elementary,0.0
Hampton City,Phillips Elementary,0.0
Hampton City,Phoebus High,
Hampton City,Samuel P. Langley Elementary,0.2210065645514223
Hampton City,Thomas Eaton Middle,0.0
Hampton City,William Mason Cooper Elementary,0.0
Hanover County,Atlee High,1.0
Hanover County,Battlefield Park Elementary,0.0
Hanover County,Beaverdam Elementary,0.0
Hanover County,Bell Creek Middle,0.013471502590673576
Hanover County,Chickahominy Middle,
Hanover County,Cold Harbor Elementary,0.02574257425742574
Hanover County,Cool Spring Elementary,0.015068493150684932
Hanover County,Elmont Elementary,0.12534818941504178
Hanover County,Hanover High,
Hanover County,Henry Clay Elementary,0.10164835164835165
Hanover County,John M. Gandy Elementary,0.08934707903780069
Hanover County,Kersey Creek Elementary,0.015736766809728183
Hanover County,Laurel Meadow Elementary,0.03888888888888889
Hanover County,Liberty Middle,0.030601092896174863
Hanover County,Mechanicsville Elementary,0.05321100917431193
Hanover County,Mechanicsville High,1.0
Hanover County,Oak Knoll Middle,0.0
Hanover County,Patrick Henry High,1.0
Hanover County,Pearson's Corner Elementary,0.0
Hanover County,Pole Green Elementary,0.01937984496124031
Hanover County,Rural Point Elementary,0.0
Hanover County,South Anna Elementary,0.03382663847780127
Hanover County,Washington-Henry Elementary,0.0
Harrisonburg City,Bluestone Elementary,0.45740740740740743
Harrisonburg City,Harrisonburg High,1.0
Harrisonburg City,Keister Elementary,0.4459770114942529
Harrisonburg City,Skyline Middle,0.3405088062622309
Harrisonburg City,Smithland Elementary,0.36787564766839376
Harrisonburg City,Spotswood Elementary,0.5138592750533049
Harrisonburg City,Stone Spring Elementary,0.41851106639839036
Harrisonburg City,Thomas Harrison Middle,0.3230174081237911
Harrisonburg City,Waterman Elementary,0.5029239766081871
Henrico County,Anthony P. Mehfoud Elementary,0.0
Henrico County,Arthur Ashe Jr. Elementary,0.08712871287128712
Henrico County,Brookland Middle,0.18371400198609733
Henrico County,Cashell Donahoe Elementary,0.15441176470588236
Henrico County,Chamberlayne Elementary,0.08974358974358974
Henrico County,Charles M. Johnson Elementary,0.3501259445843829
Henrico County,Colonial Trail Elementary,0.1277602523659306
Henrico County,Crestview Elementary,0.13003095975232198
Henrico County,David A. Kaechele Elementary,0.026970954356846474
Henrico County,Deep Run High,1.0
Henrico County,Douglas S. Freeman High,1.0
Henrico County,Dumbarton Elementary,0.4098639455782313
Henrico County,Echo Lake Elementary,0.0745697896749522
Henrico County,Elizabeth Holladay Elementary,0.2644736842105263
Henrico County,Elko Middle,0.029745042492917848
Henrico County,Fair Oaks Elementary,0.0
Henrico County,Fairfield Middle,1.0
Henrico County,Gayton Elementary,0.0521415270018622
Henrico County,George F. Baker Elementary,0.0
Henrico County,George H. Moody Middle,1.0
Henrico County,Glen Allen Elementary,0.04852686308492201
Henrico County,Glen Allen High,1.0
Henrico County,Glen Lea Elementary,0.041928721174004195
Henrico County,Greenwood Elementary,0.12283737024221453
Henrico County,Harold Macon Ratcliffe Elementary,0.030732860520094562
Henrico County,Harvie Elementary,0.0
Henrico County,Henrico High,1.0
Henrico County,Henry D. Ward Elementary,0.0
Henrico County,Hermitage High,1.0
Henrico County,Highland Springs Elementary,0.0
Henrico County,Highland Springs High,1.0
Henrico County,Holman Middle,0.054616384915474644
Henrico County,Hungary Creek Middle,0.0407911001236094
Henrico County,Jackson Davis Elementary,0.14566929133858267
Henrico County,Jacob L. Adams Elementary,0.04925053533190578
Henrico County,John Randolph Tucker High,1.0
Henrico County,John Rolfe Middle,0.020477815699658702
Henrico County,L. Douglas Wilder Middle,0.020463847203274217
Henrico County,Laburnum Elementary,0.06926406926406926
Henrico County,Lakeside Elementary,0.17302798982188294
Henrico County,Longdale Elementary,0.10736842105263159
Henrico County,Maude Trevvett Elementary,0.15369649805447472
Henrico County,Maybeury Elementary,0.13322091062394603
Henrico County,Mills E. Godwin High,1.0
Henrico County,Montrose Elementary,0.030726256983240222
Henrico County,Nuckols Farm Elementary,0.03052064631956912
Henrico County,Pemberton Elementary,0.029069767441860465
Henrico County,Pinchbeck Elementary,0.1953781512605042
Henrico County,Pocahontas Middle,0.033766233766233764
Henrico County,Quioccasin Middle,0.14301310043668122
Henrico County,R.C. Longan Elementary,0.22384428223844283
Henrico County,Ridge Elementary,0.42369020501138954
Henrico County,Rivers Edge Elementary,0.04993252361673414
Henrico County,Ruby F. Carver Elementary,0.10480349344978165
Henrico County,Sandston Elementary,0.0
Henrico County,Seven Pines Elementary,0.0
Henrico County,Shady Grove Elementary,0.036585365853658534
Henrico County,Short Pump Elementary,0.10285714285714286
Henrico County,Short Pump Middle,1.0
Henrico County,Skipwith Elementary,0.30736842105263157
Henrico County,Springfield Park Elementary,0.09523809523809523
Henrico County,Three Chopt Elementary,0.09025270758122744
Henrico County,Tuckahoe Elementary,0.01990049751243781
Henrico County,Tuckahoe Middle,0.08223350253807106
Henrico County,Twin Hickory Elementary,0.10982658959537572
Henrico County,Varina Elementary,0.0
Henrico County,Varina High,1.0
Henry County,Axton Elementary,0.14209115281501342
Henry County,Bassett High,1.0
Henry County,Campbell Court Elementary,0.09225092250922509
Henry County,Drewry Mason Elementary,0.08188585607940446
Henry County,Fieldale-Collinsville Middle,0.033942558746736295
Henry County,G.W. Carver Elementary,0.0757238307349666
Henry County,Laurel Park Middle,0.04621309370988447
Henry County,Magna Vista High,1.0
Henry County,Meadow View Elementary,0.12828438948995363
Henry County,Mount Olivet Elementary,0.0
Henry County,Rich Acres Elementary,0.060240963855421686
Henry County,Sanville Elementary,0.0
Henry County,Stanleytown Elementary,0.046511627906976744
Highland County,Highland Elementary,0.0
Highland County,Highland High,0.0
Hopewell City,Carter G. Woodson Middle,0.0378698224852071
Hopewell City,Dupont Elementary,0.05245901639344262
Hopewell City,Harry E. James Elementary,0.06015037593984962
Hopewell City,Hopewell High,1.0
Hopewell City,Patrick Copeland Elementary,0.04326123128119801
Hopewell City,Woodlawn Pre-School Learning Center,0.0
Isle of Wight County,Carrollton Elementary,0.0
Isle of Wight County,Carrsville Elementary,0.0
Isle of Wight County,Georgie D. Tyler Middle,0.0
Isle of Wight County,Hardy Elementary,0.0
Isle of Wight County,Smithfield High,1.0
Isle of Wight County,Smithfield Middle,0.0
Isle of Wight County,Westside Elementary,0.015299026425591099
Isle of Wight County,Windsor Elementary,0.0
Isle of Wight County,Windsor High,0.0
King George County,King George Elementary,0.01808066759388039
King George County,King George High,1.0
King George County,King George Middle,
King George County,Potomac Elementary,0.018518518518518517
King George County,Sealston Elementary,0.017735334242837655
King William County,Acquinton Elementary,0.0
King William County,Cool Spring Primary,0.0
King William County,Hamilton Holmes Middle,0.0
King William County,King William High,0.0
King and Queen County,Central High,0.0
King and Queen County,King & Queen Elementary,0.0
King and Queen County,Lawson-Marriott Elementary,0.0
Lancaster County,Lancaster High,0.0
Lancaster County,Lancaster Middle,0.0
Lancaster County,Lancaster Primary,0.0
Lee County,Dryden Elementary,0.0
Lee County,Elk Knob Elementary,0.0
Lee County,Elydale Middle,0.0
Lee County,Flatwoods Elementary,0.0
Lee County,Jonesville Middle,0.0
Lee County,Lee High,0.0
Lee County,Pennington Middle,0.0
Lee County,Rose Hill Elementary,0.0
Lee County,St. Charles Elementary,0.0
Lee County,Thomas Walker High,0.0
Lexington City,Harrington Waddell Elementary,0.04984423676012461
Lexington City,Lylburn Downing Middle,0.0
Lexington City,Rockbridge County High,
Loudoun County,Aldie Elementary,0.17592592592592593
Loudoun County,Algonkian Elementary,0.11990950226244344
Loudoun County,Arcola Elementary,0.21705426356589147
Loudoun County,Ashburn Elementary,0.17586912065439672
Loudoun County,Ball's Bluff Elementary,0.18669527896995708
Loudoun County,Banneker Elementary,0.1694915254237288
Loudoun County,Belmont Ridge Middle,0.03715170278637771
Loudoun County,Belmont Station Elementary,0.13843888070692195
Loudoun County,Blue Ridge Middle,0.03694267515923567
Loudoun County,Brambleton Middle,1.0
Loudoun County,Briar Woods High,1.0
Loudoun County,Broad Run High,1.0
Loudoun County,Buffalo Trail Elementary,0.16040100250626566
Loudoun County,Cardinal Ridge Elementary,0.18438761776581428
Loudoun County,Catoctin Elementary,0.20350877192982456
Loudoun County,Cedar Lane Elementary,0.2178932178932179
Loudoun County,Cool Spring Elementary,0.35071942446043164
Loudoun County,Countryside Elementary,0.24444444444444444
Loudoun County,Creighton's Corner Elementary,0.23857868020304568
Loudoun County,Discovery Elementary,0.23190789473684212
Loudoun County,Dominion High,1.0
Loudoun County,Dominion Trail Elementary,0.2486865148861646
Loudoun County,Eagle Ridge Middle,1.0
Loudoun County,Emerick Elementary,0.030456852791878174
Loudoun County,Evergreen Mill Elementary,0.2206405693950178
Loudoun County,Farmwell Station Middle,0.0893042575285566
Loudoun County,Forest Grove Elementary,0.5662393162393162
Loudoun County,Frances Hazel Reid Elementary,0.29557522123893804
Loudoun County,Frederick Douglass Elementary,0.348294434470377
Loudoun County,Freedom High,1.0
Loudoun County,Goshen Post Elementary,0.18518518518518517
Loudoun County,Guilford Elementary,0.7980392156862746
Loudoun County,Hamilton Elementary,0.08227848101265822
Loudoun County,Harmony Middle,1.0
Loudoun County,Harper Park Middle,0.15894868585732166
Loudoun County,Heritage High,1.0
Loudoun County,Hillsboro Charter Academy,0.0
Loudoun County,Hillside Elementary,0.1450381679389313
Loudoun County,Horizon Elementary,0.15665236051502146
Loudoun County,Hovatter Elementary,0.057392996108949414
Loudoun County,Hutchison Farm Elementary,0.20527859237536658
Loudoun County,Independence High,1.0
Loudoun County,J. Lupton Simpson Middle,0.09673790776152981
Loudoun County,J. Michael Lunsford Middle,1.0
Loudoun County,John Champe High,1.0
Loudoun County,John W. Tolbert Jr. Elementary,0.18451400329489293
Loudoun County,Kenneth W.Culbert Elementary,0.06164383561643835
Loudoun County,Leesburg Elementary,0.35732647814910024
Loudoun County,Legacy Elementary,0.09749303621169916
Loudoun County,Liberty Elementary,0.18704156479217604
Loudoun County,Lightridge High,1.0
Loudoun County,Lincoln Elementary,0.0
Loudoun County,Little River Elementary,0.09135399673735727
Loudoun County,Loudoun County High,1.0
Loudoun County,Loudoun Valley High,1.0
Loudoun County,Lovettsville Elementary,0.05168986083499006
Loudoun County,Lowes Island Elementary,0.14770459081836326
Loudoun County,Lucketts Elementary,0.1853448275862069
Loudoun County,Madison's Trust Elementary,0.11981981981981982
Loudoun County,Meadowland Elementary,0.4348958333333333
Loudoun County,Mercer Middle,1.0
Loudoun County,Middleburg Community Charter,0.0
Loudoun County,Mill Run Elementary,0.08500772797527048
Loudoun County,Moorefield Station Elementary,0.24937655860349128
Loudoun County,Mountain View Elementary,0.07951070336391437
Loudoun County,Newton-Lee Elementary,0.10961214165261383
Loudoun County,Park View High,0.3545250560957367
Loudoun County,Pinebrook Elementary,0.19694868238557559
Loudoun County,Potomac Falls High,1.0
Loudoun County,Potowmack Elementary,0.37916666666666665
Loudoun County,River Bend Middle,0.12323232323232323
Loudoun County,Riverside High,1.0
Loudoun County,Rock Ridge High,1.0
Loudoun County,Rolling Ridge Elementary,0.5873873873873874
Loudoun County,Rosa Lee Carter Elementary,0.21112696148359486
Loudoun County,Round Hill Elementary,0.0423572744014733
Loudoun County,Sanders Corner Elementary,0.13439635535307518
Loudoun County,Seldens Landing Elementary,0.10912343470483005
Loudoun County,Seneca Ridge Middle,0.19975786924939468
Loudoun County,Smart's Mill Middle,0.16852540272614622
Loudoun County,Sterling Elementary,0.5802469135802469
Loudoun County,Sterling Middle,0.5112994350282486
Loudoun County,Steuart W. Weller Elementary,0.22875816993464052
Loudoun County,Stone Bridge High,1.0
Loudoun County,Stone Hill Middle,0.04837117472852912
Loudoun County,Sugarland Elementary,0.7354260089686099
Loudoun County,Sully Elementary,0.75
Loudoun County,Sycolin Creek Elementary,0.054820415879017016
Loudoun County,Trailside Middle,0.05115830115830116
Loudoun County,Tuscarora High,1.0
Loudoun County,W.O. Robey High,1.0
Loudoun County,Waterford Elementary,0.0
Loudoun County,Waxpool Elementary,0.18292682926829268
Loudoun County,Willard Middle,1.0
Loudoun County,Woodgrove High,1.0
Louisa County,Jouett Elementary,0.01926444833625219
Louisa County,Louisa County High,1.0
Louisa County,Louisa County Middle,1.0
Louisa County,Moss-Nuckols Elementary,0.044293015332197615
Louisa County,Thomas Jefferson Elementary,0.061224489795918366
Louisa County,Trevilians Elementary,0.028
Lunenburg County,Central High,0.03368421052631579
Lunenburg County,Kenbridge Elementary,0.2334293948126801
Lunenburg County,Lunenburg Middle,0.0463768115942029
Lunenburg County,Victoria Elementary,0.0
Lynchburg City,Bedford Hills Elementary,0.0
Lynchburg City,Dearington Elementary/Innovation,0.0
Lynchburg City,E.C. Glass High,1.0
Lynchburg City,Heritage Elementary,0.0518018018018018
Lynchburg City,Heritage High,1.0
Lynchburg City,Linkhorne Elementary,0.049528301886792456
Lynchburg City,Linkhorne Middle,0.0
Lynchburg City,Paul Laurence Dunbar Middle for Innovation,0.025735294117647058
Lynchburg City,Paul Munro Elementary,0.0
Lynchburg City,Perrymont Elementary,0.032520325203252036
Lynchburg City,Robert S. Payne Elementary,0.0
Lynchburg City,Sandusky Elementary,0.05357142857142857
Lynchburg City,Sandusky Middle,0.03383458646616541
Lynchburg City,Sheffield Elementary,0.07349665924276169
Lynchburg City,T.C. Miller Elementary for Innovation,0.0
Lynchburg City,William M. Bass Elementary,0.0
Madison County,Madison County High,0.0
Madison County,Madison Primary,0.0
Madison County,Waverly Yowell Elementary,0.043227665706051875
Madison County,William H. Wetsel Middle,0.0
Manassas City,Baldwin Elementary,0.43260188087774293
Manassas City,Baldwin Intermediate,0.44776119402985076
Manassas City,George Carr Round Elementary,0.45368620037807184
Manassas City,Grace E. Metz Middle,0.41553133514986373
Manassas City,Jennie Dean Elementary,0.434991974317817
Manassas City,Mayfield Intermediate,0.4840989399293286
Manassas City,Osbourn High,1.0
Manassas City,Richard C. Haydon Elementary,0.5585874799357945
Manassas City,Weems Elementary,0.5250836120401338
Manassas Park City,Cougar Elementary,0.5306859205776173
Manassas Park City,Manassas Park Elementary,0.5668276972624798
Manassas Park City,Manassas Park High,0.22648752399232247
Manassas Park City,Manassas Park Middle,0.3567567567567568
Martinsville City,Albert Harris Elementary,0.1326530612244898
Martinsville City,Clearview Early Learning Center,0.0
Martinsville City,Martinsville High,0.04779411764705882
Martinsville City,Martinsville Middle,0.040214477211796246
Martinsville City,Patrick Henry Elementary,0.06460674157303371
Mathews County,Mathews Elementary,0.0
Mathews County,Mathews High,0.0
Mathews County,Thomas Hunter Middle,0.0
Mecklenburg County,Bluestone  High,0.0
Mecklenburg County,Bluestone Middle,0.0
Mecklenburg County,Chase City Elementary,0.0
Mecklenburg County,Clarksville Elementary,0.0
Mecklenburg County,LaCrosse Elementary,0.03498542274052478
Mecklenburg County,Park View High,0.0
Mecklenburg County,Park View Middle,0.0
Mecklenburg County,South Hill Elementary,0.01879194630872483
Middlesex County,Middlesex Elementary,0.026981450252951095
Middlesex County,Middlesex High,0.0
Middlesex County,St. Clare Walker Middle,0.0
Montgomery County,Auburn Elementary,0.0
Montgomery County,Auburn High,0.0
Montgomery County,Auburn Middle,0.0
Montgomery County,Belview Elementary,0.04044117647058824
Montgomery County,Blacksburg High,1.0
Montgomery County,Blacksburg Middle,0.03240223463687151
Montgomery County,Christiansburg Elementary,0.03430079155672823
Montgomery County,Christiansburg High,1.0
Montgomery County,Christiansburg Middle,0.02699228791773779
Montgomery County,Christiansburg Primary,0.05787037037037037
Montgomery County,Eastern Montgomery Elementary,0.035623409669211195
Montgomery County,Eastern Montgomery High,0.0
Montgomery County,Falling Branch Elementary,0.03763440860215054
Montgomery County,Gilbert Linkous Elementary,0.07
Montgomery County,Harding Avenue Elementary,0.05639097744360902
Montgomery County,Kipps Elementary,0.12912087912087913
Montgomery County,Margaret Beeks Elementary,0.07202216066481995
Montgomery County,Prices Fork Elementary,0.08520179372197309
Montgomery County,Shawsville Middle,0.0
Nelson County,Nelson County High,0.0
Nelson County,Nelson Middle,0.048295454545454544
Nelson County,Rockfish River Elementary,0.08865248226950355
Nelson County,Tye River Elementary,0.03170028818443804
New Kent County,George W. Watkins Elementary,0.0
New Kent County,New Kent Elementary,0.0
New Kent County,New Kent High,
New Kent County,New Kent Middle,0.014416775884665793
Newport News City,Achievable Dream Academy,0.024958402662229616
Newport News City,Achievable Dream Middle/High,0.0
Newport News City,B.C. Charles Elementary,0.03804347826086957
Newport News City,B.T. Washington Middle,0.0
Newport News City,Carver Elementary,0.10580204778156997
Newport News City,Crittenden Middle,0.03534777651083238
Newport News City,David A. Dutrow Elementary,0.039301310043668124
Newport News City,Deer Park Elementary,0.0
Newport News City,Denbigh Early Childhood Center,0.0
Newport News City,Denbigh High,1.0
Newport News City,Discovery STEM Academy,0.0
Newport News City,Ella J. Fitzgerald Middle,0.1001890359168242
Newport News City,Ethel M. Gildersleeve Middle,0.09931840311587146
Newport News City,General Stanford Elementary,0.041237113402061855
Newport News City,George J. McIntosh Elementary,0.16346153846153846
Newport News City,Heritage High,
Newport News City,Hidenwood Elementary,0.04066543438077634
Newport News City,Hilton Elementary,0.04
Newport News City,Homer L. Hines Middle,0.0
Newport News City,Huntington Middle,0.0
Newport News City,John Marshall Early Childhood Center,0.0
Newport News City,Joseph H. Saunders Elementary,0.18604651162790697
Newport News City,Katherine Johnson Elementary,0.053465346534653464
Newport News City,Kiln Creek Elementary,0.03877221324717286
Newport News City,Knollwood Meadows Elementary,0.03811659192825112
Newport News City,L.F. Palmer Elementary,0.2707317073170732
Newport News City,Mary Passage Middle,0.0
Newport News City,Menchville High,1.0
Newport News City,Newsome Park Elementary,0.030800821355236138
Newport News City,Oliver C. Greenwood Elementary,0.1948529411764706
Newport News City,Richard T. Yates Elementary,0.0
Newport News City,Richneck Elementary,0.04288164665523156
Newport News City,Riverside Elementary,0.04536082474226804
Newport News City,Sedgefield Elementary,0.08181818181818182
Newport News City,Stoney Run Elementary,0.1282051282051282
Newport News City,T. Ryland Sanford Elementary,0.09542743538767395
Newport News City,Warwick High,1.0
Newport News City,Watkins Early Childhood Center,0.0
Newport News City,Willis A. Jenkins Elementary,0.13232104121475055
Newport News City,Woodside High,1.0
Norfolk City,Academy for Discovery at Lakewood,0.0
Norfolk City,Azalea Gardens Middle,0.05696969696969697
Norfolk City,Bay View Elementary,0.03488372093023256
Norfolk City,Berkley/Campostella Early Childhood Education Center,0.0
Norfolk City,Blair Middle,1.0
Norfolk City,Booker T Washington High,0.018518518518518517
Norfolk City,Camp Allen Elementary,0.046228710462287104
Norfolk City,Chesterfield Academy Elementary,0.0
Norfolk City,Coleman Place Elementary,0.0457516339869281
Norfolk City,Crossroads Elementary,0.09391534391534391
Norfolk City,Easton Preschool,0.0
Norfolk City,Ghent K-8,0.0
Norfolk City,Granby Elementary,0.02217741935483871
Norfolk City,Granby High,1.0
Norfolk City,Ingleside Elementary,0.022222222222222223
Norfolk City,Jacox Elementary,0.0
Norfolk City,James Monroe Elementary,0.0
Norfolk City,Lake Taylor,0.059375
Norfolk City,Lake Taylor High,0.036036036036036036
Norfolk City,Larchmont Elementary,0.02466367713004484
Norfolk City,Larrymore Elementary,0.05745062836624776
Norfolk City,Lindenwood Elementary,0.0
Norfolk City,Little Creek Elementary,0.16267123287671234
Norfolk City,Mary Calcott Elementary,0.07226107226107226
Norfolk City,Matthew Fontaine Maury High,
Norfolk City,Northside Middle,0.06905710491367861
Norfolk City,Norview Elementary,0.05037783375314862
Norfolk City,Norview High,1.0
Norfolk City,Norview Middle,1.0
Norfolk City,Ocean View Elementary,0.07535641547861507
Norfolk City,Oceanair Elementary,0.17272727272727273
Norfolk City,P.B. Young Sr. Elementary,0.0
Norfolk City,Richard Bowling Elementary,0.0
Norfolk City,Sewells Point Elementary,0.02178217821782178
Norfolk City,Sherwood Forest Elementary,0.04697986577181208
Norfolk City,Southside STEM Academy at Campostella,0.0
Norfolk City,St. Helena Elementary,0.0
Norfolk City,Suburban Park Elementary,0.0651685393258427
Norfolk City,Tanners Creek Elementary,0.08226691042047532
Norfolk City,Tarrallton Elementary,0.0
Norfolk City,Tidewater Park Elementary,0.0
Norfolk City,Walter Herron Taylor Elementary,0.0
Norfolk City,Willard Model Elementary,0.04329896907216495
Norfolk City,William H. Ruffner Middle,0.0
Norfolk City,Willoughby Early Childhood Center,0.0
Northampton County,Kiptopeke Elementary,0.12285714285714286
Northampton County,Northampton High,0.0748792270531401
Northampton County,Northampton Middle,0.05813953488372093
Northampton County,Occohannock Elementary,0.08831908831908832
Northumberland County,Northumberland Elementary,0.03345724907063197
Northumberland County,Northumberland High,0.0
Northumberland County,Northumberland Middle,0.0
Norton City,J.I. Burton High,0.0
Norton City,Norton Elementary,0.0
Nottoway County,Blackstone Primary,0.04639175257731959
Nottoway County,Crewe Primary,0.047619047619047616
Nottoway County,Nottoway High,0.03046594982078853
Nottoway County,Nottoway Intermediate,0.04310344827586207
Nottoway County,Nottoway Middle,0.055762081784386616
Orange County,Gordon-Barbour Elementary,0.0641025641025641
Orange County,Lightfoot Elementary,0.06746031746031746
Orange County,Locust Grove Elementary,0.0395010395010395
Orange County,Locust Grove Middle,0.03560371517027864
Orange County,Locust Grove Primary,0.03800475059382423
Orange County,Orange County High,1.0
Orange County,Orange Elementary,0.060842433697347896
Orange County,Prospect Heights Middle,0.04525862068965517
Orange County,Unionville Elementary,0.0611353711790393
Page County,Luray Elementary,0.040948275862068964
Page County,Luray High,0.0
Page County,Luray Middle,0.0
Page County,Page County High,0.0
Page County,Page County Middle,0.0
Page County,Shenandoah Elementary,0.0
Page County,Springfield Elementary,0.0
Page County,Stanley Elementary,0.0
Patrick County,Blue Ridge Elementary,0.0
Patrick County,Hardin Reynolds Memorial School,0.0
Patrick County,Meadows of Dan Elementary,0.0
Patrick County,Patrick County High,0.01744186046511628
Patrick County,Patrick Springs Primary,0.0
Patrick County,Stuart Elementary,0.04774535809018567
Patrick County,Woolwine Elementary,0.0
Petersburg City,Cool Spring Elementary,0.019193857965451054
Petersburg City,Lakemont Elementary,0.14749262536873156
Petersburg City,Petersburg High,0.0259222333000997
Petersburg City,Pleasants Lane Elementary,0.032504780114722756
Petersburg City,Vernon Johns Middle,0.0517051705170517
Petersburg City,Walnut Hill Elementary,0.0
Petersburg City,Westview Early Childhood Education Center,0.0
Pittsylvania County,Brosville Elementary,0.06190476190476191
Pittsylvania County,Chatham Elementary,0.058577405857740586
Pittsylvania County,Chatham High,0.0
Pittsylvania County,Chatham Middle,0.0
Pittsylvania County,Dan River High,0.0
Pittsylvania County,Dan River Middle,0.0
Pittsylvania County,Gretna Elementary,0.02591792656587473
Pittsylvania County,Gretna High,0.0
Pittsylvania County,Gretna Middle,0.0
Pittsylvania County,John L. Hurt Elementary,0.0
Pittsylvania County,Kentuck Elementary,0.0
Pittsylvania County,Mount Airy Elementary,0.0
Pittsylvania County,Southside Elementary,0.0
Pittsylvania County,Stony Mill Elementary,0.057356608478802994
Pittsylvania County,Tunstall High,0.01570048309178744
Pittsylvania County,Tunstall Middle,0.019469026548672566
Pittsylvania County,Twin Springs Elementary,0.03605015673981191
Pittsylvania County,Union Hall Elementary,0.0
Poquoson City,Poquoson Elementary,0.0
Poquoson City,Poquoson High,0.0
Poquoson City,Poquoson Middle,0.0
Poquoson City,Poquoson Primary,0.0
Portsmouth City,Brighton Elementary,0.0
Portsmouth City,Churchland Academy Elementary,0.0
Portsmouth City,Churchland Elementary,0.016897081413210446
Portsmouth City,Churchland High,1.0
Portsmouth City,Churchland Middle,0.0
Portsmouth City,Churchland Preschool Center,0.0
Portsmouth City,Churchland Primary & Intermediate,0.0
Portsmouth City,Cradock Elementary,0.03469079939668175
Portsmouth City,Cradock Middle,0.021153846153846155
Portsmouth City,Douglass Park Elementary,0.0
Portsmouth City,Hodges Manor Elementary,0.0
Portsmouth City,I.C. Norcom High,
Portsmouth City,Lakeview Elementary,0.0
Portsmouth City,Manor High,1.0
Portsmouth City,Mount Hermon Preschool Center,0.0
Portsmouth City,Olive Branch Preschool Center,0.0
Portsmouth City,Park View Elementary,0.0
Portsmouth City,Simonsdale Elementary,0.0
Portsmouth City,Victory Elementary,0.0
Portsmouth City,Waterview Elementary,0.0
Portsmouth City,Westhaven Elementary,0.031914893617021274
Portsmouth City,William E. Waters Middle,0.0
Powhatan County,Flat Rock Elementary,0.0
Powhatan County,Pocahontas Elementary,0.0
Powhatan County,Powhatan Elementary,0.0
Powhatan County,Powhatan High,
Powhatan County,Powhatan Middle,0.0
Prince Edward County,Prince Edward County High,0.0
Prince Edward County,Prince Edward Elementary,0.023255813953488372
Prince Edward County,Prince Edward Middle,0.021660649819494584
Prince George County,David A. Harrison Elementary,0.0
Prince George County,J.E.J. Moore Middle,1.0
Prince George County,L.L. Beazley Elementary,0.024390243902439025
Prince George County,North Elementary,0.014686248331108143
Prince George County,Prince George High,1.0
Prince George County,South Elementary,0.022587268993839837
Prince George County,William A. Walton Elementary,0.02702702702702703
Prince William County,A. Henderson Elementary,0.13753213367609254
Prince William County,Antietam Elementary,0.24390243902439024
Prince William County,Ashland Elementary,0.0639686684073107
Prince William County,Battlefield High,1.0
Prince William County,Bel Air Elementary,0.5444743935309974
Prince William County,Belmont Elementary,0.5093555093555093
Prince William County,Bennett Elementary,0.18838526912181303
Prince William County,Brentsville District High,0.04972972972972973
Prince William County,Bristow Run Elementary,0.13488372093023257
Prince William County,Buckland Mills Elementary,0.14878397711015737
Prince William County,Bull Run Middle,0.15569487983281086
Prince William County,C.A. Sinclair Elementary,0.5357142857142857
Prince William County,C.D. Hylton High,1.0
Prince William County,Cedar Point Elementary,0.11293634496919917
Prince William County,Charles J. Colgan Sr. High,1.0
Prince William County,Chris Yung Elementary,0.2621231979030144
Prince William County,Coles Elementary,0.26842105263157895
Prince William County,Covington-Harper Elementary,0.11055276381909548
Prince William County,Dale City Elementary,0.527363184079602
Prince William County,Dumfries Elementary,0.3691275167785235
Prince William County,E.H. Marsteller Middle,1.0
Prince William County,Elizabeth Vaughan Elementary,0.5272373540856031
Prince William County,Enterprise Elementary,0.505464480874317
Prince William County,Fannie W. Fitzgerald Elementary,0.27262044653349
Prince William County,Featherstone Elementary,0.6234042553191489
Prince William County,Forest Park High,1.0
Prince William County,Fred M. Lynn Middle,0.3309265944645006
Prince William County,Freedom High,1.0
Prince William County,Gainesville High,1.0
Prince William County,Gainesville Middle,1.0
Prince William County,Gar-Field High,1.0
Prince William County,George G. Tyler Elementary,0.17674418604651163
Prince William County,George M. Hampton Middle,0.3023952095808383
Prince William County,George P. Mullen Elementary,0.4599092284417549
Prince William County,Glenkirk Elementary,0.10517799352750809
Prince William County,Graham Park Middle,0.18588640275387264
Prince William County,Haymarket Elementary,0.1125748502994012
Prince William County,Herbert J. Saunders Middle,0.10854947166186359
Prince William County,J.W. Alvey Elementary,0.04929577464788732
Prince William County,John D. Jenkins Elementary,0.3983333333333333
Prince William County,John F. Pattie Sr. Elementary,0.1359338061465721
Prince William County,Kerrydale Elementary,0.4968152866242038
Prince William County,Kyle R. Wilson Elementary,0.23875
Prince William County,Lake Ridge Elementary,0.15301391035548687
Prince William County,Lake Ridge Middle,1.0
Prince William County,Leesylvania Elementary,0.2318840579710145
Prince William County,Loch Lomond Elementary,0.6478599221789884
Prince William County,Louise A. Benton Middle,1.0
Prince William County,Martin Luther King Jr. Elementary,0.3680203045685279
Prince William County,Marumsco Hills Elementary,0.6047430830039525
Prince William County,Mary G. Porter Traditional,0.09446254071661238
Prince William County,Mary Williams Elementary,0.26521060842433697
Prince William County,Minnieville Elementary,0.41061946902654867
Prince William County,Montclair Elementary,0.24482758620689654
Prince William County,Mountain View Elementary,0.07851239669421488
Prince William County,Neabsco Elementary,0.567479674796748
Prince William County,Occoquan Elementary,0.39434276206322794
Prince William County,Old Bridge Elementary,0.17105263157894737
Prince William County,Osbourn Park High,1.0
Prince William County,Parkside Middle,0.3043095866314864
Prince William County,Patriot High,1.0
Prince William County,Pennington Traditional,0.08532423208191127
Prince William County,Piney Branch Elementary,0.11464088397790055
Prince William County,Potomac High,1.0
Prince William County,Potomac Middle,0.22482758620689655
Prince William County,Potomac Shores Middle,0.10223642172523961
Prince William County,Potomac View Elementary,0.574757281553398
Prince William County,R. Dean Kilby Elementary,0.5768595041322314
Prince William County,Rippon Middle,0.2129319955406912
Prince William County,River Oaks Elementary,0.29775280898876405
Prince William County,Rockledge Elementary,0.3273542600896861
Prince William County,Ronald Wilson Reagan Middle,1.0
Prince William County,Rosa Parks Elementary,0.2627118644067797
Prince William County,Samuel L. Gravely Jr. Elementary,0.08
Prince William County,Sharon C. McAuliffe Elementary,0.34782608695652173
Prince William County,Signal Hill Elementary,0.22482758620689655
Prince William County,Sonnie Penn Elementary,0.19969742813918306
Prince William County,Springwoods Elementary,0.24142156862745098
Prince William County,Stuart M. Beville Middle,0.27088305489260145
Prince William County,Sudley Elementary,0.6209150326797386
Prince William County,Suella G. Ellis Elementary,0.49391727493917276
Prince William County,Swans Creek Elementary,0.26048951048951047
Prince William County,T. Clay Wood Elementary,0.07985257985257985
Prince William County,The Nokesville School,0.09900090826521345
Prince William County,Thurgood Marshall Elementary,0.08626198083067092
Prince William County,Triangle Elementary,0.3170391061452514
Prince William County,Unity Braxton Middle,0.42671394799054374
Prince William County,Unity Reed High,1.0
Prince William County,Victory Elementary,0.11483253588516747
Prince William County,West Gate Elementary,0.7163375224416517
Prince William County,Westridge Elementary,0.14923076923076922
Prince William County,Woodbine Pre-School Center,0.0
Prince William County,Woodbridge High,1.0
Prince William County,Woodbridge Middle,0.17647058823529413
Prince William County,Yorkshire Elementary,0.6165113182423435
Pulaski County,Critzer Elementary,0.0
Pulaski County,Dublin Elementary,0.0
Pulaski County,Pulaski County Middle,0.012154696132596685
Pulaski County,Pulaski County Senior High,1.0
Pulaski County,Pulaski Elementary,0.0
Pulaski County,Riverlawn Elementary,0.0431266846361186
Pulaski County,Snowville Elementary,0.0
Radford City,Belle Heth Elementary,0.0
Radford City,John N. Dalton Intermediate,0.0
Radford City,McHarg Elementary,0.0
Radford City,Radford High,0.0
Rappahannock County,Rappahannock County Elementary,0.05191873589164785
Rappahannock County,Rappahannock County High,0.04666666666666667
Richmond City,Albert Hill Middle,0.0
Richmond City,Amelia Street Special Education,0.0
Richmond City,Armstrong High,0.0
Richmond City,Barack Obama Elementary,0.0
Richmond City,Bellevue Elementary,0.0
Richmond City,Binford Middle,0.0
Richmond City,Blackwell Elementary,0.0398936170212766
Richmond City,Broad Rock Elementary,0.357032457496136
Richmond City,Cardinal Elementary,0.7606635071090048
Richmond City,Chimborazo Elementary,0.0
Richmond City,Elizabeth D. Redd Elementary,0.28346456692913385
Richmond City,Fairfield Court Elementary,0.0
Richmond City,Franklin Military Academy,0.0
Richmond City,G.H. Reid Elementary,0.37402190923317685
Richmond City,George W. Carver Elementary,0.0
Richmond City,George Wythe High,0.37028301886792453
Richmond City,Ginter Park Elementary,0.0
Richmond City,Henderson Middle,0.028169014084507043
Richmond City,Henry Marsh III Elementary,0.0
Richmond City,Huguenot High,1.0
Richmond City,J.B. Fisher Elementary,0.07630522088353414
Richmond City,J.L. Francis Elementary,0.41935483870967744
Richmond City,John B. Cary Elementary,0.05454545454545454
Richmond City,John Marshall High,0.0
Richmond City,Linwood Holton Elementary,0.0
Richmond City,Lucille M. Brown Middle,0.07692307692307693
Richmond City,Martin Luther King Jr. Early Learning Center,0.0
Richmond City,Martin Luther King Jr. Middle,0.0
Richmond City,Mary Munford Elementary,0.0
Richmond City,Maymont Pre-K Center,0.0
Richmond City,Miles Jones Elementary,0.2045889101338432
Richmond City,Oak Grove/Bellemeade Elementary,0.1575091575091575
Richmond City,Open High,0.0
Richmond City,Overby-Sheppard Elementary,0.0
Richmond City,Patrick Henry School Of Science And Arts,0.0
Richmond City,Richmond Alternative,0.0
Richmond City,Richmond Career Education and Employment Charter School,0.0
Richmond City,Richmond Community High,0.0
Richmond City,River City Middle,0.33925925925925926
Richmond City,Southampton Elementary,0.05057471264367816
Richmond City,Summer Hill Preschool Center,0.0
Richmond City,Swansboro Elementary,0.12422360248447205
Richmond City,Thomas C. Boushall Middle,0.2161520190023753
Richmond City,Thomas Jefferson High,0.02765486725663717
Richmond City,Westover Hills Elementary,0.02997275204359673
Richmond City,William Fox Elementary,0.0
Richmond City,Woodville Elementary,0.0
Richmond County,Rappahannock High,0.0
Richmond County,Richmond County Elementary,0.06033376123234917
Roanoke City,Addison Aerospace Magnet Middle,0.03225806451612903
Roanoke City,Breckinridge Middle,0.04864864864864865
Roanoke City,Crystal Spring Elementary,0.0
Roanoke City,Fairview Elementary,0.16363636363636364
Roanoke City,Fallon Park Elementary,0.1619217081850534
Roanoke City,Fishburn Park Elementary,0.054945054945054944
Roanoke City,Garden City Elementary,0.0
Roanoke City,Grandin Court Elementary,0.0
Roanoke City,Highland Park Elementary,0.0
Roanoke City,Hurt Park Elementary,0.12835820895522387
Roanoke City,James Madison Middle,0.0
Roanoke City,John P. Fishwick Middle,0.2106430155210643
Roanoke City,Lincoln Terrace Elementary,0.09722222222222222
Roanoke City,Monterey Elementary,0.23076923076923078
Roanoke City,Morningside Elementary,0.0
Roanoke City,Patrick Henry High,1.0
Roanoke City,Preston Park Elementary,0.45286885245901637
Roanoke City,Roanoke Academy For Mathematics & Science Elementary,0.031331592689295036
Roanoke City,Round Hill Elementary,0.2105978260869565
Roanoke City,Virginia Heights Elementary,0.11498257839721254
Roanoke City,Wasena Elementary,0.07655502392344497
Roanoke City,Westside Elementary,0.16470588235294117
Roanoke City,William Fleming High,1.0
Roanoke City,Woodrow Wilson Middle,0.14006514657980457
Roanoke County,Back Creek Elementary,0.0
Roanoke County,Bonsack Elementary,0.047021943573667714
Roanoke County,Burlington Elementary,0.12415349887133183
Roanoke County,Cave Spring Elementary,0.041407867494824016
Roanoke County,Cave Spring High,1.0
Roanoke County,Cave Spring Middle,0.022486772486772486
Roanoke County,Clearbrook Elementary,0.03903903903903904
Roanoke County,Fort Lewis Elementary,0.0
Roanoke County,Glen Cove Elementary,0.0475
Roanoke County,Glenvar Elementary,0.03225806451612903
Roanoke County,Glenvar High,0.0
Roanoke County,Glenvar Middle,0.0
Roanoke County,Green Valley Elementary,0.07939508506616257
Roanoke County,Herman L. Horn Elementary,0.034912718204488775
Roanoke County,Hidden Valley High,0.0
Roanoke County,Hidden Valley Middle,0.026168224299065422
Roanoke County,Mason's Cove Elementary,0.0
Roanoke County,Mount Pleasant Elementary,0.076
Roanoke County,Mountain View Elementary,0.05329153605015674
Roanoke County,Northside High,0.02759381898454746
Roanoke County,Northside Middle,0.03980891719745223
Roanoke County,Oak Grove Elementary,0.02493765586034913
Roanoke County,Penn Forest Elementary,0.0
Roanoke County,W.E. Cundiff Elementary,0.02414486921529175
Roanoke County,William Byrd High,1.0
Roanoke County,William Byrd Middle,0.01880141010575793
Rockbridge County,Central Elementary,0.0
Rockbridge County,Fairfield Elementary,0.0
Rockbridge County,Maury River Middle,0.0
Rockbridge County,Mountain View Elementary,0.0
Rockbridge County,Natural Bridge Elementary,0.0
Rockbridge County,Rockbridge County High,1.0
Rockingham County,Broadway High,0.035416666666666666
Rockingham County,Cub Run Elementary,0.30275229357798167
Rockingham County,East Rockingham High,0.02384105960264901
Rockingham County,Elkton Elementary,0.0
Rockingham County,Elkton Middle,0.04240282685512368
Rockingham County,Fulks Run Elementary,0.0
Rockingham County,J. Frank Hillyard Middle,0.05592105263157895
Rockingham County,John C. Myers Elementary,0.12065439672801637
Rockingham County,John W. Wayland Elementary,0.10679611650485436
Rockingham County,Lacey Spring Elementary,0.08403361344537816
Rockingham County,Linville-Edom Elementary,0.1320754716981132
Rockingham County,McGaheysville Elementary,0.08583690987124463
Rockingham County,Montevideo Middle,0.10556621880998081
Rockingham County,Mountain View Elementary,0.22546419098143236
Rockingham County,Ottobine Elementary,0.0
Rockingham County,Peak View Elementary,0.24390243902439024
Rockingham County,Plains Elementary,0.08564814814814815
Rockingham County,Pleasant Valley Elementary,0.22705314009661837
Rockingham County,River Bend Elementary,0.07352941176470588
Rockingham County,South River Elementary,0.10437710437710437
Rockingham County,Spotswood High,0.08503767491926803
Rockingham County,Turner Ashby High,0.06793206793206794
Rockingham County,Wilbur S. Pence Middle,0.08244274809160305
Russell County,Belfast Elementary,0.0
Russell County,Castlewood Elementary,0.0
Russell County,Castlewood High,0.0
Russell County,Copper Creek Elementary,0.0
Russell County,Honaker Elementary,0.0
Russell County,Honaker High,0.0
Russell County,Lebanon Elementary,0.0
Russell County,Lebanon High,0.0
Russell County,Lebanon Middle,0.0
Russell County,Lebanon Primary,0.0
Russell County,Swords Creek Elementary,0.0
Salem City,Andrew Lewis Middle,0.02857142857142857
Salem City,East Salem Elementary,0.08450704225352113
Salem City,G.W. Carver Elementary,0.056433408577878104
Salem City,Salem High,1.0
Salem City,South Salem Elementary,0.03183023872679045
Salem City,West Salem Elementary,0.0
Scott County,Duffield-Pattonsville Primary,0.0
Scott County,Dungannon Intermediate,0.0
Scott County,Fort Blackmore Primary,0.0
Scott County,Gate City High,0.0
Scott County,Gate City Middle,0.0
Scott County,Hilton Elementary,0.0
Scott County,Nickelsville Elementary,0.0
Scott County,Rye Cove High,0.0
Scott County,Rye Cove Intermediate,0.0
Scott County,Shoemaker Elementary,0.0
Scott County,Twin Springs High,0.0
Scott County,Weber City Elementary,0.0
Scott County,Yuma Elementary,0.0
Shenandoah County,Central High,0.07856191744340879
Shenandoah County,Honey Run Elementary,0.14391143911439114
Shenandoah County,Mountain View High,0.05317324185248713
Shenandoah County,North Fork Middle,0.11834319526627218
Shenandoah County,Peter Muhlenberg Middle,0.06512605042016807
Shenandoah County,Sandy Hook Elementary,0.04352941176470588
Shenandoah County,Signal Knob Middle,0.02237136465324385
Shenandoah County,Strasburg High,0.0
Shenandoah County,W.W. Robinson Elementary,0.15863453815261044
Smyth County,Atkins Elementary,0.0
Smyth County,Chilhowie Elementary,0.0
Smyth County,Chilhowie High,0.0
Smyth County,Chilhowie Middle,0.0
Smyth County,Marion Elementary,0.0
Smyth County,Marion Middle,0.0
Smyth County,Marion Senior High,0.0
Smyth County,Northwood High,0.0
Smyth County,Northwood Middle,0.0
Smyth County,Oak Point Elementary,0.0
Smyth County,Rich Valley Elementary,0.0
Smyth County,Saltville Elementary,0.0
Smyth County,Sugar Grove Elementary,0.0
Southampton County,Capron Elementary,0.0
Southampton County,Meherrin Elementary,0.0
Southampton County,Nottoway Elementary,0.0
Southampton County,Riverdale Elementary,0.0
Southampton County,Southampton High,0.0
Southampton County,Southampton Middle,0.0
Spotsylvania County,Battlefield Elementary,0.19126506024096385
Spotsylvania County,Battlefield Middle,0.08928571428571429
Spotsylvania County,Berkeley Elementary,0.0
Spotsylvania County,Brock Road Elementary,0.043010752688172046
Spotsylvania County,Cedar Forest Elementary,0.14093959731543623
Spotsylvania County,Chancellor Elementary,0.0
Spotsylvania County,Chancellor High,1.0
Spotsylvania County,Chancellor Middle,0.08801955990220049
Spotsylvania County,Courthouse Road Elementary,0.11081794195250659
Spotsylvania County,Courtland Elementary,0.06854838709677419
Spotsylvania County,Courtland High,1.0
Spotsylvania County,Freedom Middle,0.04172274562584118
Spotsylvania County,Harrison Road Elementary,0.24
Spotsylvania County,Lee Hill Elementary,0.13247172859450726
Spotsylvania County,Livingston Elementary,0.0275
Spotsylvania County,Massaponax High,1.0
Spotsylvania County,Ni River Middle,0.0
Spotsylvania County,Parkside Elementary,0.12878787878787878
Spotsylvania County,Post Oak Middle,0.0
Spotsylvania County,Riverbend High,1.0
Spotsylvania County,Riverview Elementary,0.05384615384615385
Spotsylvania County,Salem Elementary,0.19550173010380623
Spotsylvania County,Smith Station Elementary,0.15165165165165165
Spotsylvania County,Spotswood Elementary,0.17425742574257425
Spotsylvania County,Spotsylvania Elementary,0.05454545454545454
Spotsylvania County,Spotsylvania High,1.0
Spotsylvania County,Spotsylvania Middle,0.023060796645702306
Spotsylvania County,Thornburg Middle,0.045871559633027525
Spotsylvania County,Wilderness Elementary,0.06918238993710692
Stafford County,Andrew G. Wright Middle,0.04573547589616811
Stafford County,Anne E. Moncure Elementary,0.32616487455197135
Stafford County,Anthony Burns Elementary,0.10872675250357654
Stafford County,Brooke Point High,1.0
Stafford County,Colonial Forge High,1.0
Stafford County,Conway Elementary,0.1518716577540107
Stafford County,Donald B. Dixon-Lyle R. Smith Middle,0.02681992337164751
Stafford County,Edward E. Drew Jr. Middle,0.08277027027027027
Stafford County,Falmouth Elementary,0.10965630114566285
Stafford County,Ferry Farm Elementary,0.09135399673735727
Stafford County,Garrisonville Elementary,0.152014652014652
Stafford County,Grafton Village Elementary,0.03776223776223776
Stafford County,H.H. Poole Middle,0.04026115342763874
Stafford County,Hampton Oaks Elementary,0.10312862108922363
Stafford County,Hartwood Elementary,0.044142614601018676
Stafford County,Kate Waller Barrett Elementary,0.2033898305084746
Stafford County,Margaret Brent Elementary,0.05527638190954774
Stafford County,Mountain View High,1.0
Stafford County,North Stafford High,1.0
Stafford County,North Star Early Childhood Education Center,0.0
Stafford County,Park Ridge Elementary,0.08627858627858628
Stafford County,Rising Star Early Childhood Education Center at Melchers,0.0
Stafford County,Rockhill Elementary,0.0947867298578199
Stafford County,Rocky Run Elementary,0.128
Stafford County,Rodney E. Thompson Middle,0.029197080291970802
Stafford County,Shirley C. Heim Middle,0.11060433295324971
Stafford County,Stafford Elementary,0.11697574893009986
Stafford County,Stafford Middle,0.06272617611580217
Stafford County,Stafford Senior High,1.0
Stafford County,T. Benton Gayle Middle,0.0379041248606466
Stafford County,Widewater Elementary,0.2768166089965398
Stafford County,Winding Creek Elementary,0.1297016861219196
Staunton City,Arthur R. Ware Elementary,0.028132992327365727
Staunton City,Bessie Weller Elementary,0.07967032967032966
Staunton City,Shelburne Middle,0.020442930153321975
Staunton City,Staunton City School PreSchool Programs,0.0
Staunton City,Staunton High,0.0215311004784689
Staunton City,Thomas C. McSwain Elementary,0.0
Suffolk City,Booker T. Washington Elementary,0.0
Suffolk City,Colonel Fred Cherry Middle,0.0
Suffolk City,Creekside Elementary,0.0
Suffolk City,Elephant's Fork Elementary,0.0
Suffolk City,Florence Bowser Elementary,0.023622047244094488
Suffolk City,Forest Glen Middle,0.0
Suffolk City,Hillpoint Elementary,0.0
Suffolk City,John F. Kennedy Middle,0.0
Suffolk City,John Yeates Middle,0.0
Suffolk City,Kilby Shores Elementary,0.0
Suffolk City,King's Fork High,1.0
Suffolk City,King's Fork Middle,
Suffolk City,Lakeland High,
Suffolk City,Mack Benn Jr. Elementary,0.0
Suffolk City,Nansemond Parkway Elementary,0.0
Suffolk City,Nansemond River High,
Suffolk City,Northern Shores Elementary,0.0
Suffolk City,Oakland Elementary,0.0
Suffolk City,Southwestern Elementary,0.0
Surry County,Luther P. Jackson Middle,0.0
Surry County,Surry County High,0.0
Surry County,Surry Elementary,0.0
Sussex County,Sussex Central Elementary,0.0
Sussex County,Sussex Central High,0.0
Sussex County,Sussex Central Middle,0.0
Tazewell County,Abb's Valley-Boissevain Elementary,0.0
Tazewell County,Cedar Bluff Elementary,0.0
Tazewell County,Dudley Primary,0.0
Tazewell County,Graham High,0.0
Tazewell County,Graham Intermediate,0.0
Tazewell County,Graham Middle,0.0
Tazewell County,Richlands Elementary,0.0
Tazewell County,Richlands High,0.0
Tazewell County,Richlands Middle,0.0
Tazewell County,Tazewell High,0.0
Tazewell County,Tazewell Intermediate,0.0
Tazewell County,Tazewell Middle,0.0
Tazewell County,Tazewell Primary,0.0
Virginia Beach City,Alanton Elementary,0.038525963149078725
Virginia Beach City,Arrowhead Elementary,0.0
Virginia Beach City,Bayside 6th Grade Campus,0.0
Virginia Beach City,Bayside Elementary,0.13429752066115702
Virginia Beach City,Bayside High,1.0
Virginia Beach City,Bayside Middle,0.039030955585464336
Virginia Beach City,Birdneck Elementary,0.02258064516129032
Virginia Beach City,Brandon Middle,1.0
Virginia Beach City,Brookwood Elementary,0.017605633802816902
Virginia Beach City,Centerville Elementary,0.05339805825242718
Virginia Beach City,Christopher Farms Elementary,0.03206106870229008
Virginia Beach City,College Park Elementary,0.02459016393442623
Virginia Beach City,Corporate Landing Elementary,0.0
Virginia Beach City,Corporate Landing Middle,1.0
Virginia Beach City,Creeds Elementary,0.0
Virginia Beach City,Diamond Springs Elementary,0.04364326375711575
Virginia Beach City,Fairfield Elementary,0.03543307086614173
Virginia Beach City,First Colonial High,1.0
Virginia Beach City,Floyd Kellam High,
Virginia Beach City,Frank W. Cox High,1.0
Virginia Beach City,Glenwood Elementary,0.03653444676409186
Virginia Beach City,Great Neck Middle,1.0
Virginia Beach City,Green Run Collegiate,0.0
Virginia Beach City,Green Run Elementary,0.06666666666666667
Virginia Beach City,Green Run High,1.0
Virginia Beach City,Hermitage Elementary,0.06072874493927125
Virginia Beach City,Holland Elementary,0.06415929203539823
Virginia Beach City,Independence Middle,1.0
Virginia Beach City,Indian Lakes Elementary,0.018083182640144666
Virginia Beach City,John B. Dey Elementary,0.07228915662650602
Virginia Beach City,Kempsville Elementary,0.036613272311212815
Virginia Beach City,Kempsville High,1.0
Virginia Beach City,Kempsville Meadows Elementary,0.029978586723768737
Virginia Beach City,Kempsville Middle,0.0
Virginia Beach City,King's Grant Elementary,0.034274193548387094
Virginia Beach City,Kingston Elementary,0.03711340206185567
Virginia Beach City,Landstown Elementary,0.03531073446327684
Virginia Beach City,Landstown High,1.0
Virginia Beach City,Landstown Middle,1.0
Virginia Beach City,Larkspur Middle,1.0
Virginia Beach City,Linkhorn Park Elementary,0.03137254901960784
Virginia Beach City,Luxford Elementary,0.0700218818380744
Virginia Beach City,Lynnhaven Elementary,0.0
Virginia Beach City,Lynnhaven Middle,0.02045209903121636
Virginia Beach City,Malibu Elementary,0.0
Virginia Beach City,New Castle Elementary,0.05467625899280575
Virginia Beach City,Newtown Elementary,0.054502369668246446
Virginia Beach City,North Landing Elementary,0.026490066225165563
Virginia Beach City,Ocean Lakes Elementary,0.0
Virginia Beach City,Ocean Lakes High,1.0
Virginia Beach City,Old Donation School,
Virginia Beach City,Parkway Elementary,0.024017467248908297
Virginia Beach City,Pembroke Elementary,0.0375
Virginia Beach City,Pembroke Meadows Elementary,0.0
Virginia Beach City,Plaza Middle,1.0
Virginia Beach City,Point O' View Elementary,0.1628222523744912
Virginia Beach City,Princess Anne Elementary,0.0
Virginia Beach City,Princess Anne High,1.0
Virginia Beach City,Princess Anne Middle,
Virginia Beach City,Providence Elementary,0.04127579737335835
Virginia Beach City,Red Mill Elementary,0.02218430034129693
Virginia Beach City,Rosemont Elementary,0.0
Virginia Beach City,Rosemont Forest Elementary,0.05048543689320388
Virginia Beach City,Salem Elementary,0.06769825918762089
Virginia Beach City,Salem High,1.0
Virginia Beach City,Salem Middle,1.0
Virginia Beach City,Seatack Elementary an Achievable Dream Academy,0.0684931506849315
Virginia Beach City,Shelton Park Elementary,0.0
Virginia Beach City,Strawbridge Elementary,0.0
Virginia Beach City,Tallwood Elementary,0.04753199268738574
Virginia Beach City,Tallwood High,1.0
Virginia Beach City,Thalia Elementary,0.031423290203327174
Virginia Beach City,Thoroughgood Elementary,0.06983240223463687
Virginia Beach City,Three Oaks Elementary,0.01687116564417178
Virginia Beach City,Trantwood Elementary,0.021653543307086614
Virginia Beach City,Virginia Beach Middle,0.06176961602671119
Virginia Beach City,W.T. Cooke Elementary,0.10097087378640776
Virginia Beach City,White Oaks Elementary,0.03486529318541997
Virginia Beach City,Williams Elementary,0.04838709677419355
Virginia Beach City,Windsor Oaks Elementary,0.03592814371257485
Virginia Beach City,Windsor Woods Elementary,0.0
Virginia Beach City,Woodstock Elementary,0.04327666151468315
Warren County,A.S. Rhodes Elementary,0.052434456928838954
Warren County,E. Wilson Morrison Elementary,0.06962025316455696
Warren County,Hilda J. Barbour Elementary,0.057736720554272515
Warren County,Leslie Fox Keyser Elementary,0.028735632183908046
Warren County,Ressie Jeffries Elementary,0.02030456852791878
Warren County,Skyline High,0.02745995423340961
Warren County,Skyline Middle,0.02992957746478873
Warren County,Warren County High,0.024764150943396228
Warren County,Warren County Middle,0.020257826887661142
Washington County,Abingdon Elementary,0.0
Washington County,Abingdon High,0.0
Washington County,Damascus Middle,0.0
Washington County,E.B. Stanley Middle,0.0
Washington County,Glade Spring Middle,0.0
Washington County,Greendale Elementary,0.0
Washington County,High Point Elementary,0.02029520295202952
Washington County,Holston High,0.0
Washington County,John S. Battle High,0.0
Washington County,Meadowview Elementary,0.0
Washington County,Patrick Henry High,0.0
Washington County,Rhea Valley Elementary,0.0
Washington County,Valley Institute Elementary,0.0
Washington County,Wallace Middle,0.0
Washington County,Watauga Elementary,0.021505376344086023
Waynesboro City,Berkeley Glenn Elementary,0.06147540983606557
Waynesboro City,Kate Collins Middle,0.05829596412556054
Waynesboro City,Wayne Hills Center,0.0
Waynesboro City,Waynesboro High,0.05466970387243736
Waynesboro City,Wenonah Elementary,0.2
Waynesboro City,Westwood Hills Elementary,0.06068601583113457
Waynesboro City,William Perry Elementary,0.08018867924528301
West Point,West Point Elementary,0.0
West Point,West Point Middle/High,0.0
Westmoreland County,Cople Elementary,0.08902077151335312
Westmoreland County,Montross Middle,0.041401273885350316
Westmoreland County,Washington & Lee High,0.03966597077244259
Westmoreland County,Washington District Elementary,0.07297297297297298
Williamsburg-James City County,Berkeley Middle,0.045531197301854974
Williamsburg-James City County,Clara Byrd Baker Elementary,0.0703125
Williamsburg-James City County,D.J. Montague Elementary,0.034026465028355386
Williamsburg-James City County,J. Blaine Blayton Elementary,0.0
Williamsburg-James City County,James Blair Middle,0.09714285714285714
Williamsburg-James City County,James River Elementary,0.25853658536585367
Williamsburg-James City County,Jamestown High,1.0
Williamsburg-James City County,Lafayette High,1.0
Williamsburg-James City County,Laurel Lane Elementary,0.09381663113006397
Williamsburg-James City County,Lois Hornsby Middle,0.0274869109947644
Williamsburg-James City County,Matoaka Elementary,0.047619047619047616
Williamsburg-James City County,Matthew Whaley Elementary,0.07555555555555556
Williamsburg-James City County,Norge Elementary,0.037383177570093455
Williamsburg-James City County,Stonehouse Elementary,0.0158311345646438
Williamsburg-James City County,Toano Middle,0.0
Williamsburg-James City County,Warhill High,1.0
Winchester City,Daniel Morgan Intermediate,0.25502008032128515
Winchester City,Daniel Morgan Middle,0.17714285714285713
Winchester City,Frederick Douglass Elementary,0.3238095238095238
Winchester City,Garland R. Quarles Elementary,0.2841225626740947
Winchester City,John Handley High,1.0
Winchester City,John Kerr Elementary,0.2979591836734694
Winchester City,Virginia Avenue Charlotte Dehart Elementary,0.3468354430379747
Wise County,Central High,0.0
Wise County,Coeburn Middle,0.0
Wise County,Coeburn Primary,0.0
Wise County,Eastside High,0.0
Wise County,J.W. Adams Combined,0.0
Wise County,L.F. Addington Middle,0.0
Wise County,St. Paul Elementary,0.0
Wise County,Union High,0.0
Wise County,Union Middle,0.0
Wise County,Union Primary,0.0
Wise County,Wise Primary,0.0
Wythe County,Fort Chiswell High,0.0
Wythe County,Fort Chiswell Middle,0.0
Wythe County,George Wythe High,0.0
Wythe County,Jackson Memorial Elementary,0.0
Wythe County,Max Meadows Elementary,0.0
Wythe County,Rural Retreat Elementary,0.0
Wythe County,Rural Retreat High,0.0
Wythe County,Rural Retreat Middle,0.0
Wythe County,Scott Memorial Middle,0.0
Wythe County,Sheffey Elementary,0.0
Wythe County,Speedwell Elementary,0.0
Wythe County,Spiller Elementary,0.0
York County,Bethel Manor Elementary,0.0
York County,Bruton High,0.026113671274961597
York County,Coventry Elementary,0.06746626686656672
York County,Dare Elementary,0.030534351145038167
York County,Grafton Bethel Elementary,0.04823151125401929
York County,Grafton High,1.0
York County,Grafton Middle,0.028402366863905324
York County,Magruder Elementary,0.05536912751677853
York County,Mount Vernon Elementary,0.03292894280762565
York County,Queens Lake Middle,0.0
York County,Seaford Elementary,0.0
York County,Tabb Elementary,0.07555555555555556
York County,Tabb High,1.0
York County,Tabb Middle,0.020047169811320754
York County,Waller Mill Elementary,0.03258145363408521
York County,York High,1.0
York County,York River Academy,0.0
York County,Yorktown Elementary,0.021311475409836064
York County,Yorktown Middle,0.0
