Division Name,School Name,free_reduced_lunch_percentage
Prince William County,A. Henderson Elementary,0.258
Culpeper County,A.G. Richardson Elementary,0.405
Chesterfield County,A.M. Davis Elementary,0.609
Warren County,A.S. Rhodes Elementary,0.373
Hampton City,A.W.E. Bassette Elementary,0.9109999999999999
Tazewell County,Abb's Valley-Boissevain Elementary,0.946
Hampton City,Aberdeen Elementary,0.9109999999999999
Washington County,Abingdon Elementary,0.424
Gloucester County,Abingdon Elementary,0.461
Arlington County,Abingdon Elementary,0.445
Washington County,Abingdon High,0.382
Norfolk City,Academy for Discovery at Lakewood,0.327
Accomack County,Accawmacke Elementary,0.9109999999999999
Newport News City,Achievable Dream Academy,0.765
Gloucester County,Achilles Elementary,0.461
King William County,Acquinton Elementary,0.287
Roanoke City,Addison Aerospace Magnet Middle,1.0
Frederick County,Admiral Richard E. Byrd Middle,0.294
Albemarle County,Agnor-Hurt Elementary,0.532
Virginia Beach City,Alanton Elementary,0.389
Albemarle County,Albemarle High,0.292
Martinsville City,Albert Harris Elementary,1.0
Richmond City,Albert Hill Middle,1.0
Hampton City,Albert W. Patrick III Elementary,0.91
Chesterfield County,Alberta Smith Elementary,0.223
Loudoun County,Aldie Elementary,0.133
Fairfax County,Aldrin Elementary,0.154
Alexandria City,Alexandria City High School,0.601
Hampton City,Alfred S. Forrest Elementary,0.608
Loudoun County,Algonkian Elementary,0.11
Arlington County,Alice West Fleet Elementary,0.299
Alleghany Highlands,Alleghany High,0.41100000000000003
Campbell County,Altavista Elementary,0.624
Campbell County,Altavista High,0.5
Amelia County,Amelia County Elementary,0.574
Amelia County,Amelia County High,0.44799999999999995
Amelia County,Amelia County Middle,0.564
Richmond City,Amelia Street Special Education,1.0
Amherst County,Amelon Elementary,0.53
Amherst County,Amherst County High,0.414
Amherst County,Amherst Elementary,0.46
Amherst County,Amherst Middle,0.47700000000000004
Stafford County,Andrew G. Wright Middle,0.29100000000000004
Salem City,Andrew Lewis Middle,0.405
Fairfax County,Annandale High,0.607
Fairfax County,Annandale Terrace Elementary,0.826
Stafford County,Anne E. Moncure Elementary,0.617
Stafford County,Anthony Burns Elementary,0.423
Prince William County,Antietam Elementary,0.389
Frederick County,Apple Pie Ridge Elementary,0.41700000000000004
Appomattox County,Appomattox County High,0.414
Appomattox County,Appomattox Elementary,0.507
Appomattox County,Appomattox Middle,0.528
Accomack County,Arcadia High,0.9109999999999999
Fairfax County,Archer Elementary,0.099
Loudoun County,Arcola Elementary,0.102
Arlington County,Arlington Community High,0.228
Arlington County,Arlington Traditional,0.307
Frederick County,Armel Elementary,0.22699999999999998
Hampton City,Armstrong Elementary,0.295
Fairfax County,Armstrong Elementary,0.152
Virginia Beach City,Arrowhead Elementary,0.498
Staunton City,Arthur R. Ware Elementary,0.745
Loudoun County,Ashburn Elementary,0.14300000000000002
Prince William County,Ashland Elementary,0.134
Arlington County,Ashlawn Elementary,0.157
Smyth County,Atkins Elementary,0.758
Hanover County,Atlee High,0.10800000000000001
Montgomery County,Auburn Elementary,0.46399999999999997
Montgomery County,Auburn High,0.341
Fauquier County,Auburn Middle,0.125
Montgomery County,Auburn Middle,0.474
Henry County,Axton Elementary,0.8859999999999999
Norfolk City,Azalea Gardens Middle,0.652
Roanoke County,Back Creek Elementary,0.203
Charlotte County,Bacon District Elementary,0.619
Chesterfield County,Bailey Bridge Middle,0.264
Fairfax County,Bailey's Upper Elementary School for the Arts and Sciences,0.826
Albemarle County,Baker-Butler Elem,0.25
Manassas City,Baldwin Elementary,0.6
Manassas City,Baldwin Intermediate,0.624
Loudoun County,Ball's Bluff Elementary,0.218
Loudoun County,Banneker Elementary,0.28300000000000003
Richmond City,Barack Obama Elementary,1.0
Arlington County,Barcroft Elementary,0.619
Arlington County,Barrett Elementary,0.614
Hampton City,Barron Elementary,0.4
Frederick County,Bass-Hoover Elementary,0.385
Henry County,Bassett High,0.887
Bath County,Bath County High,0.442
Spotsylvania County,Battlefield Elementary,0.442
Spotsylvania County,Battlefield Middle,0.483
Hanover County,Battlefield Park Elementary,0.16899999999999998
Norfolk City,Bay View Elementary,0.5329999999999999
Virginia Beach City,Bayside 6th Grade Campus,0.672
Virginia Beach City,Bayside Elementary,0.578
Virginia Beach City,Bayside High,0.528
Virginia Beach City,Bayside Middle,0.6940000000000001
Hanover County,Beaverdam Elementary,0.265
Bedford County,Bedford Elementary,0.615
Lynchburg City,Bedford Hills Elementary,0.927
Fairfax County,Beech Tree Elementary,0.603
Prince William County,Bel Air Elementary,0.769
Russell County,Belfast Elementary,0.484
Greensville County,Belfield Elementary,0.988
Hanover County,Bell Creek Middle,0.29600000000000004
Radford City,Belle Heth Elementary,0.485
Fairfax County,Belle View Elementary,0.314
Richmond City,Bellevue Elementary,1.0
Chesterfield County,Bellwood Elementary,0.902
Prince William County,Belmont Elementary,0.722
Loudoun County,Belmont Ridge Middle,0.106
Fairfax County,Belvedere Elementary,0.523
Montgomery County,Belview Elementary,0.488
Franklin County,Benjamin Franklin Middle,0.505
Hampton City,Benjamin Syms Middle,0.9109999999999999
Prince William County,Bennett Elementary,0.239
Chesterfield County,Bensley Elementary,0.902
Spotsylvania County,Berkeley Elementary,0.488
Williamsburg-James City County,Berkeley Middle,0.40399999999999997
Staunton City,Bessie Weller Elementary,0.745
Gloucester County,Bethel Elementary,0.38
Hampton City,Bethel High,0.447
York County,Bethel Manor Elementary,0.43700000000000006
Chesterfield County,Bettie Weaver Elementary,0.032
Chesterfield County,Beulah Elementary,0.601
Augusta County,Beverley Manor Middle,0.39799999999999996
Bedford County,Big Island Elementary,0.484
Richmond City,Binford Middle,1.0
Virginia Beach City,Birdneck Elementary,0.675
Montgomery County,Blacksburg High,0.177
Montgomery County,Blacksburg Middle,0.243
Nottoway County,Blackstone Primary,0.909
Richmond City,Blackwell Elementary,1.0
Norfolk City,Blair Middle,0.64
Bland County,Bland County High,0.46799999999999997
Patrick County,Blue Ridge Elementary,0.6920000000000001
Loudoun County,Blue Ridge Middle,0.11800000000000001
Harrisonburg City,Bluestone Elementary,0.669
Chesterfield County,Bon Air Elementary,0.361
Fairfax County,Bonnie Brae Elementary,0.184
Roanoke County,Bonsack Elementary,0.16699999999999998
Norfolk City,Booker T Washington High,0.96
Suffolk City,Booker T. Washington Elementary,0.997
Franklin County,Boones Mill Elementary,0.435
Bedford County,Boonsboro Elementary,0.22
Gloucester County,Botetourt Elementary,0.42100000000000004
Caroline County,Bowling Green Elementary,0.609
Clarke County,Boyce Elementary,0.249
Fairfax County,Braddock Elementary,0.826
Loudoun County,Brambleton Middle,0.055999999999999994
Virginia Beach City,Brandon Middle,0.455
Botetourt County,Breckinridge Elementary,0.364
Roanoke City,Breckinridge Middle,1.0
Fairfax County,Bren Mar Park Elementary,0.594
Prince William County,Brentsville District High,0.124
Prince William County,Bristow Run Elementary,0.17
Richmond City,Broad Rock Elementary,1.0
Loudoun County,Broad Run High,0.17800000000000002
Albemarle County,Broadus Wood Elementary,0.151
Rockingham County,Broadway High,0.336
Spotsylvania County,Brock Road Elementary,0.294
Stafford County,Brooke Point High,0.293
Fairfax County,Brookfield Elementary,0.62
Henrico County,Brookland Middle,0.7290000000000001
Campbell County,Brookneal Elementary,0.73
Campbell County,Brookville High,0.326
Campbell County,Brookville Middle,0.397
Virginia Beach City,Brookwood Elementary,0.596
Albemarle County,Brownsville Elementary,0.109
Brunswick County,Brunswick High,0.978
York County,Bruton High,0.285
Fairfax County,Bryant High,0.465
Botetourt County,Buchanan Elementary,0.452
Buckingham County,Buckingham Co Elementary,0.821
Buckingham County,Buckingham County High,0.5539999999999999
Buckingham County,Buckingham County Middle,0.8220000000000001
Prince William County,Buckland Mills Elementary,0.22
Fairfax County,Bucknell Elementary,0.631
Augusta County,Buffalo Gap High,0.35100000000000003
Loudoun County,Buffalo Trail Elementary,0.055999999999999994
Charlottesville City,Buford Middle,0.534
Fairfax County,Bull Run Elementary,0.348
Prince William County,Bull Run Middle,0.308
Roanoke County,Burlington Elementary,0.59
Charlottesville City,Burnley-Moran Elementary,0.424
Franklin County,Burnt Chimney Elementary,0.505
Fairfax County,Bush Hill Elementary,0.222
Chesapeake City,Butts Road Intermediate,0.124
Goochland County,Byrd Elementary,0.37200000000000005
Hampton City,C. Alton Lindsay Middle,0.91
Fauquier County,C. Hunter Ritchie Elementary,0.14300000000000002
Prince William County,C.A. Sinclair Elementary,0.8320000000000001
Chesterfield County,C.C. Wells Elementary,0.35200000000000004
Prince William County,C.D. Hylton High,0.439
Chesterfield County,C.E. Curtis Elementary,0.507
Fauquier County,C.M. Bradley Elementary,0.244
Alleghany Highlands,Callaghan Elementary,0.523
Franklin County,Callaway Elementary,0.584
Fairfax County,Camelot Elementary,0.34700000000000003
Chesapeake City,Camelot Elementary,0.971
Fairfax County,Cameron Elementary,0.619
Norfolk City,Camp Allen Elementary,0.618
Henry County,Campbell Court Elementary,0.888
Arlington County,Campbell Elementary,0.502
Fairfax County,Canterbury Woods Elementary,0.14400000000000002
Southampton County,Capron Elementary,0.535
Hampton City,Captain John Smith Elementary,0.9109999999999999
Arlington County,Cardinal Elementary,0.087
Richmond City,Cardinal Elementary,1.0
Fairfax County,Cardinal Forest Elementary,0.301
Arlington County,Carlin Springs Elementary,0.812
Caroline County,Caroline High,0.473
Caroline County,Caroline Middle,0.5379999999999999
Carroll County,Carroll County High,0.485
Carroll County,Carroll County Middle,0.598
Isle of Wight County,Carrollton Elementary,0.262
Isle of Wight County,Carrsville Elementary,0.43799999999999994
Fairfax County,Carson Middle,0.11699999999999999
Hopewell City,Carter G. Woodson Middle,0.987
Chesterfield County,Carver College and Career Academy,0.5720000000000001
Newport News City,Carver Elementary,0.764
Chesterfield County,Carver Middle,0.524
Fluvanna County,Carysbrook Elementary,0.38299999999999995
Henrico County,Cashell Donahoe Elementary,0.8220000000000001
Augusta County,Cassell Elementary,0.475
Russell County,Castlewood Elementary,0.961
Russell County,Castlewood High,0.6629999999999999
Loudoun County,Catoctin Elementary,0.268
Roanoke County,Cave Spring Elementary,0.21
Roanoke County,Cave Spring High,0.161
Roanoke County,Cave Spring Middle,0.20800000000000002
Tazewell County,Cedar Bluff Elementary,0.562
Spotsylvania County,Cedar Forest Elementary,0.493
Loudoun County,Cedar Lane Elementary,0.172
Fauquier County,Cedar Lee Middle,0.47600000000000003
Prince William County,Cedar Point Elementary,0.172
Chesapeake City,Cedar Road Elementary,0.205
Virginia Beach City,Centerville Elementary,0.258
Botetourt County,Central Academy Middle,0.302
Rockbridge County,Central Elementary,0.523
Amherst County,Central Elementary,0.9009999999999999
Wise County,Central High,0.45799999999999996
King and Queen County,Central High,0.546
Lunenburg County,Central High,0.5920000000000001
Shenandoah County,Central High,0.42100000000000004
Charlotte County,Central Middle,0.599
Fairfax County,Centre Ridge Elementary,0.5710000000000001
Fairfax County,Centreville Elementary,0.27899999999999997
Fairfax County,Centreville High,0.287
Hampton City,Cesar Tarrant Middle,0.912
Henrico County,Chamberlayne Elementary,0.632
Spotsylvania County,Chancellor Elementary,0.2
Spotsylvania County,Chancellor High,0.402
Spotsylvania County,Chancellor Middle,0.45399999999999996
Fairfax County,Chantilly High,0.188
Alexandria City,Charles Barrett Elementary,0.317
Charles City County,Charles City County Elementary,0.556
Charles City County,Charles City County High,0.562
Prince William County,Charles J. Colgan Sr. High,0.184
Henrico County,Charles M. Johnson Elementary,0.823
Charlottesville City,Charlottesville High,0.408
Mecklenburg County,Chase City Elementary,0.841
Pittsylvania County,Chatham Elementary,0.858
Pittsylvania County,Chatham High,0.49200000000000005
Pittsylvania County,Chatham Middle,0.565
Floyd County,Check Elementary,0.489
Fairfax County,Cherry Run Elementary,0.063
Fairfax County,Chesterbrook Elementary,0.017
Norfolk City,Chesterfield Elementary,0.96
Hanover County,Chickahominy Middle,0.154
Smyth County,Chilhowie Elementary,0.757
Smyth County,Chilhowie High,0.777
Smyth County,Chilhowie Middle,0.779
Richmond City,Chimborazo Elementary,1.0
Accomack County,Chincoteague Elementary,0.91
Accomack County,Chincoteague High,0.912
Prince William County,Chris Yung Elementary,0.414
Montgomery County,Christiansburg Elementary,0.46299999999999997
Montgomery County,Christiansburg High,0.34700000000000003
Montgomery County,Christiansburg Middle,0.433
Virginia Beach City,Christopher Farms Elementary,0.3
Fairfax County,Churchill Road Elementary,0.018000000000000002
Portsmouth City,Churchland Academy Elementary,0.594
Portsmouth City,Churchland Elementary,0.391
Portsmouth City,Churchland High,0.488
Portsmouth City,Churchland Middle,0.537
Portsmouth City,Churchland Primary & Intermediate,0.5
Augusta County,Churchville Elementary,0.371
Williamsburg-James City County,Clara Byrd Baker Elementary,0.374
Arlington County,Claremont Immersion,0.307
Charlottesville City,Clark Elementary,0.857
Clarke County,Clarke County High,0.166
Mecklenburg County,Clarksville Elementary,0.8420000000000001
Fauquier County,Claude Thompson Elementary,0.611
Halifax County,Clays Mill Elementary,0.8490000000000001
Roanoke County,Clearbrook Elementary,0.28300000000000003
Fairfax County,Clearview Elementary,0.515
Fairfax County,Clermont Elementary,0.133
Alleghany Highlands,Clifton Middle,0.499
Dickenson County,Clintwood Elementary,0.8220000000000001
Chesterfield County,Clover Hill Elementary,0.258
Chesterfield County,Clover Hill High,0.249
Botetourt County,Cloverdale Elementary,0.239
Halifax County,Cluster Springs Elementary,0.846
Fairfax County,Coates Elementary,0.513
Wise County,Coeburn Middle,0.875
Wise County,Coeburn Primary,0.878
Hanover County,Cold Harbor Elementary,0.382
Norfolk City,Coleman Place Elementary,0.96
Prince William County,Coles Elementary,0.36200000000000004
Virginia Beach City,College Park Elementary,0.733
Suffolk City,Colonel Fred Cherry Middle,0.34299999999999997
Colonial Beach,Colonial Beach Elementary,0.7759999999999999
Colonial Beach,Colonial Beach High,0.775
Botetourt County,Colonial Elementary,0.27899999999999997
Stafford County,Colonial Forge High,0.204
Colonial Heights City,Colonial Heights High,0.473
Colonial Heights City,Colonial Heights Middle,0.613
Henrico County,Colonial Trail Elementary,0.11
Fairfax County,Columbia Elementary,0.38
Fairfax County,Colvin Run Elementary,0.017
Albemarle County,Community Lab School,0.212
Campbell County,Concord Elementary,0.478
Stafford County,Conway Elementary,0.40700000000000003
Petersburg City,Cool Spring Elementary,1.0
Hanover County,Cool Spring Elementary,0.092
Loudoun County,Cool Spring Elementary,0.374
Fairfax County,Cooper Middle,0.017
Westmoreland County,Cople Elementary,0.975
Alexandria City,Cora Kelly School for Math Science and Technology,0.873
Virginia Beach City,Corporate Landing Elementary,0.469
Virginia Beach City,Corporate Landing Middle,0.45899999999999996
Chesterfield County,Cosby High,0.122
Buchanan County,Council Elementary/Middle,0.843
Loudoun County,Countryside Elementary,0.33899999999999997
Spotsylvania County,Courthouse Road Elementary,0.336
Spotsylvania County,Courtland Elementary,0.34
Spotsylvania County,Courtland High,0.175
York County,Coventry Elementary,0.162
Alleghany Highlands,Covington High,0.645
Prince William County,Covington-Harper Elementary,0.425
Portsmouth City,Cradock Elementary,1.0
Portsmouth City,Cradock Middle,1.0
Craig County,Craig County High,0.47600000000000003
Augusta County,Craigsville Elementary,0.833
Virginia Beach City,Creeds Elementary,0.243
Suffolk City,Creekside Elementary,0.431
Loudoun County,Creighton's Corner Elementary,0.125
Henrico County,Crestview Elementary,0.47700000000000004
Chesterfield County,Crestwood Elementary,0.53
Fairfax County,Crestwood Elementary,0.826
Chesapeake City,Crestwood Intermediate,0.551
Chesapeake City,Crestwood Middle,0.502
Nottoway County,Crewe Primary,0.909
Newport News City,Crittenden Middle,0.765
Pulaski County,Critzer Elementary,0.7909999999999999
Fairfax County,Crossfield Elementary,0.047
Norfolk City,Crossroads PreK-8 School,0.614
Albemarle County,Crozet Elementary,0.26
Roanoke City,Crystal Spring Elementary,0.244
Fairfax County,Cub Run Elementary,0.152
Rockingham County,Cub Run Elementary,0.46399999999999997
Culpeper County,Culpeper County High,0.358
Culpeper County,Culpeper Middle,0.47600000000000003
Cumberland County,Cumberland Elementary,0.858
Cumberland County,Cumberland High,0.71
Cumberland County,Cumberland Middle,0.828
Fairfax County,Cunningham Park Elementary,0.318
Clarke County,D.G. Cooley Elementary,0.251
Williamsburg-James City County,D.J. Montague Elementary,0.325
Prince William County,Dale City Elementary,0.7440000000000001
Washington County,Damascus Middle,0.636
Pittsylvania County,Dan River High,0.565
Pittsylvania County,Dan River Middle,0.606
Winchester City,Daniel Morgan Intermediate,0.653
Winchester City,Daniel Morgan Middle,0.631
Fairfax County,Daniels Run Elementary,0.32
York County,Dare Elementary,0.28
Newport News City,David A. Dutrow Elementary,0.765
Prince George County,David A. Harrison Elementary,0.535
Chesapeake City,Deep Creek Central Elementary,0.294
Chesapeake City,Deep Creek Elementary,0.479
Chesapeake City,Deep Creek High,0.46
Chesapeake City,Deep Creek Middle,0.48100000000000004
Henrico County,Deep Run High,0.075
Fairfax County,Deer Park Elementary,0.297
Newport News City,Deer Park Elementary,0.765
Newport News City,Denbigh High,0.764
Dinwiddie County,Dinwiddie County High,0.42700000000000005
Dinwiddie County,Dinwiddie County Middle,0.54
Dinwiddie County,Dinwiddie Elementary,0.501
Loudoun County,Discovery Elementary,0.203
Arlington County,Discovery Elementary,0.034
Newport News City,Discovery STEM Academy,0.764
Fairfax County,Dogwood Elementary,0.826
Loudoun County,Dominion High,0.302
Loudoun County,Dominion Trail Elementary,0.29600000000000004
Stafford County,Donald B. Dixon-Lyle R. Smith Middle,0.313
Arlington County,Dorothy Hamm Middle,0.14400000000000002
Alexandria City,Douglas MacArthur Elementary,0.364
Henrico County,Douglas S. Freeman High,0.311
Portsmouth City,Douglass Park Elementary,1.0
Arlington County,Dr. Charles R. Drew Elementary,0.611
Fairfax County,Dranesville Elementary,0.47100000000000003
Henry County,Drewry Mason Elementary,0.887
Lee County,Dryden Elementary,0.9440000000000001
Pulaski County,Dublin Elementary,0.7909999999999999
Franklin County,Dudley Elementary,0.45799999999999996
Scott County,Duffield-Pattonsville Primary,0.9079999999999999
Henrico County,Dumbarton Elementary,0.8029999999999999
Prince William County,Dumfries Elementary,0.773
Scott County,Dungannon Elementary School,0.7829999999999999
Hopewell City,Dupont Elementary,0.987
Warren County,E. Wilson Morrison Elementary,0.909
Washington County,E.B. Stanley Middle,0.467
Prince William County,E.H. Marsteller Middle,0.179
Loudoun County,Eagle Ridge Middle,0.057
Botetourt County,Eagle Rock Elementary,0.605
Fairfax County,Eagle View Elementary,0.282
Rockingham County,East Rockingham High,0.35200000000000004
Salem City,East Salem Elementary,0.56
Montgomery County,Eastern Montgomery Elementary,0.703
Montgomery County,Eastern Montgomery High,0.5489999999999999
Culpeper County,Eastern View High,0.406
Wise County,Eastside High,0.527
Henrico County,Echo Lake Elementary,0.23
Chesterfield County,Ecoff Elementary,0.455
Fairfax County,Edison High,0.381
Stafford County,Edward E. Drew Jr. Middle,0.408
Augusta County,Edward G. Clymore Elementary,0.41200000000000003
Greensville County,Edward W. Wyatt Middle,0.9890000000000001
Danville City,Edwin A. Gibson Elementary,1.0
Chesapeake City,Edwin W. Chittum Elementary,0.259
Suffolk City,Elephant's Fork Elementary,0.92
Richmond City,Elizabeth D. Redd Elementary,1.0
Chesterfield County,Elizabeth Davis Middle,0.38
Henrico County,Elizabeth Holladay Elementary,0.823
Chesterfield County,Elizabeth Scott Elementary,0.506
Prince William County,Elizabeth Vaughan Elementary,0.8009999999999999
Lee County,Elk Knob Elementary,0.945
Henrico County,Elko Middle,0.629
Rockingham County,Elkton Elementary,0.444
Rockingham County,Elkton Middle,0.43700000000000006
Hanover County,Elmont Elementary,0.466
Amherst County,Elon Elementary,0.41200000000000003
Lee County,Elydale Middle,0.943
Culpeper County,Emerald Hill Elementary,0.33
Loudoun County,Emerick Elementary,0.19
Buena Vista City,Enderly Heights Elementary,0.778
Chesterfield County,Enon Elementary,0.33399999999999996
Prince William County,Enterprise Elementary,0.746
Dickenson County,Ervinton Elementary,0.821
Arlington County,Escuela Key Elementary,0.39399999999999996
Essex County,Essex High,0.603
Newport News City,Ethel M. Gildersleeve Middle,0.765
Chesterfield County,Ettrick Elementary,0.902
Charlotte County,Eureka Elementary,0.608
Frederick County,Evendale Elementary,0.452
Chesterfield County,Evergreen Elementary,0.235
Loudoun County,Evergreen Mill Elementary,0.342
Henrico County,Fair Oaks Elementary,0.823
Fairfax County,Fairfax High,0.243
Fairfax County,Fairfax Villa Elementary,0.235
Richmond City,Fairfield Court Elementary,1.0
Virginia Beach City,Fairfield Elementary,0.336
Rockbridge County,Fairfield Elementary,0.5379999999999999
Henrico County,Fairfield Middle,0.823
Fairfax County,Fairhill Elementary,0.264
Grayson County,Fairview Elementary,0.72
Roanoke City,Fairview Elementary,1.0
Fairfax County,Fairview Elementary,0.07200000000000001
Montgomery County,Falling Branch Elementary,0.423
Chesterfield County,Falling Creek Elementary,0.902
Chesterfield County,Falling Creek Middle,0.9009999999999999
Roanoke City,Fallon Park Elementary,1.0
Fairfax County,Falls Church High,0.555
Stafford County,Falmouth Elementary,0.47200000000000003
Carroll County,Fancy Gap Elementary,0.426
Prince William County,Fannie W. Fitzgerald Elementary,0.5579999999999999
Culpeper County,Farmington Elementary,0.691
Loudoun County,Farmwell Station Middle,0.20199999999999999
Fauquier County,Fauquier High,0.192
Prince William County,Featherstone Elementary,0.813
Alexandria City,Ferdinand T. Day Elementary,0.821
Franklin County,Ferrum Elementary,0.852
Stafford County,Ferry Farm Elementary,0.366
Virginia Beach City,First Colonial High,0.308
Roanoke City,Fishburn Park Elementary,1.0
Powhatan County,Flat Rock Elementary,0.184
Lee County,Flatwoods Elementary,0.945
Fairfax County,Flint Hill Elementary,0.069
Suffolk City,Florence Bowser Elementary,0.385
Fairfax County,Floris Elementary,0.07
Floyd County,Floyd County High,0.401
Floyd County,Floyd Elementary,0.493
Virginia Beach City,Floyd Kellam High,0.113
Culpeper County,Floyd T. Binns Middle,0.52
Fluvanna County,Fluvanna County High,0.316
Fluvanna County,Fluvanna Middle,0.371
Fairfax County,Forest Edge Elementary,0.515
Bedford County,Forest Elementary,0.135
Suffolk City,Forest Glen Middle,0.469
Loudoun County,Forest Grove Elementary,0.608
Danville City,Forest Hills Elementary,1.0
Bedford County,Forest Middle,0.195
Prince William County,Forest Park High,0.322
Fairfax County,Forestdale Elementary,0.552
Fairfax County,Forestville Elementary,0.033
Fairfax County,Fort Belvoir Upper Elementary,0.35200000000000004
Scott County,Fort Blackmore Primary,0.8290000000000001
Wythe County,Fort Chiswell High,0.41
Wythe County,Fort Chiswell Middle,0.49700000000000005
Augusta County,Fort Defiance High,0.28800000000000003
Fairfax County,Fort Hunt Elementary,0.305
Roanoke County,Fort Lewis Elementary,0.21100000000000002
Fairfax County,Fox Mill Elementary,0.067
Loudoun County,Frances Hazel Reid Elementary,0.27899999999999997
Hampton City,Francis Asbury Elementary,0.408
Alexandria City,Francis C. Hammond Middle,0.778
Hampton City,Francis W. Jones Magnet Middle,0.42200000000000004
Fairfax County,Franconia Elementary,0.24
Virginia Beach City,Frank W. Cox High,0.226
Franklin County,Franklin County High,0.434
Franklin City,Franklin High,1.0
Fairfax County,Franklin Middle,0.172
Richmond City,Franklin Military Academy,1.0
Prince William County,Fred M. Lynn Middle,0.7909999999999999
Frederick County,Frederick County Middle,0.35700000000000004
Winchester City,Frederick Douglass Elementary,0.828
Loudoun County,Frederick Douglass Elementary,0.42100000000000004
Fairfax County,Freedom Hill Elementary,0.281
Spotsylvania County,Freedom Middle,0.358
Grayson County,Fries Elementary,0.883
Fairfax County,Frost Middle,0.133
Rockingham County,Fulks Run Elementary,0.534
Chesapeake City,G.A. Treakle Elementary,0.9690000000000001
Richmond City,G.H. Reid Elementary,1.0
Danville City,G.L.H. Johnson Elementary,1.0
Salem City,G.W. Carver Elementary,0.499
Frederick County,Gainesboro Elementary,0.348
Prince William County,Gainesville Middle,0.16699999999999998
Galax City,Galax Elementary,0.6629999999999999
Galax City,Galax High,0.632
Galax City,Galax Middle,0.62
Danville City,Galileo Magnet High,1.0
Prince William County,Gar-Field High,0.669
Roanoke City,Garden City Elementary,1.0
Fairfax County,Garfield Elementary,0.825
Winchester City,Garland R. Quarles Elementary,0.8290000000000001
Scott County,Gate City High,0.534
Scott County,Gate City Middle,0.55
Henrico County,Gayton Elementary,0.10800000000000001
Newport News City,General Stanford Elementary,0.765
Manassas City,George Carr Round Elementary,0.5770000000000001
Henrico County,George F. Baker Elementary,0.6809999999999999
Prince William County,George G. Tyler Elementary,0.24
Henrico County,George H. Moody Middle,0.303
Prince William County,George M. Hampton Middle,0.746
Alexandria City,George Mason Elementary,0.301
Prince William County,George P. Mullen Elementary,0.701
Hampton City,George P. Phenix Elementary,0.395
Richmond City,George W. Carver Elementary,1.0
Chesapeake City,George W. Carver Intermediate,0.97
New Kent County,George W. Watkins Elementary,0.255
Danville City,George Washington High,1.0
Alexandria City,George Washington Middle,0.474
Richmond City,George Wythe High,1.0
Wythe County,George Wythe High,0.516
Chesapeake City,Georgetown Primary,0.706
Isle of Wight County,Georgie D. Tyler Middle,0.423
Norfolk City,Ghent K-8,0.306
Montgomery County,Gilbert Linkous Elementary,0.285
Giles County,Giles High,0.36200000000000004
Richmond City,Ginter Park Elementary,1.0
Franklin County,Glade Hill Elementary,0.655
Washington County,Glade Spring Middle,0.797
Carroll County,Gladesboro Elementary,0.672
Carroll County,Gladeville Elementary,0.6679999999999999
Fairfax County,Glasgow Middle,0.655
Arlington County,Glebe Elementary,0.154
Henrico County,Glen Allen Elementary,0.149
Henrico County,Glen Allen High,0.185
Roanoke County,Glen Cove Elementary,0.335
Fairfax County,Glen Forest Elementary,0.826
Henrico County,Glen Lea Elementary,0.823
Prince William County,Glenkirk Elementary,0.09
Roanoke County,Glenvar Elementary,0.32
Roanoke County,Glenvar High,0.245
Roanoke County,Glenvar Middle,0.32299999999999995
Virginia Beach City,Glenwood Elementary,0.38299999999999995
Gloucester County,Gloucester High,0.35100000000000003
Goochland County,Goochland Elementary,0.24
Goochland County,Goochland High,0.205
Goochland County,Goochland Middle,0.27399999999999997
Bedford County,Goodview Elementary,0.493
Orange County,Gordon-Barbour Elementary,0.605
Loudoun County,Goshen Post Elementary,0.046
Fauquier County,Grace Miller Elementary,0.401
York County,Grafton Bethel Elementary,0.226
York County,Grafton High,0.16399999999999998
Stafford County,Grafton Village Elementary,0.243
Tazewell County,Graham High,0.434
Tazewell County,Graham Intermediate,0.5
Tazewell County,Graham Middle,0.47700000000000004
Prince William County,Graham Park Middle,0.54
Fairfax County,Graham Road Elementary,0.8270000000000001
Norfolk City,Granby Elementary,0.9590000000000001
Norfolk City,Granby High,0.55
Roanoke City,Grandin Court Elementary,0.345
Chesterfield County,Grange Hall Elementary,0.11900000000000001
Chesapeake City,Grassfield Elementary,0.233
Chesapeake City,Grassfield High,0.126
Grayson County,Grayson County High,0.568
Grayson County,Grayson Highlands,0.593
Chesapeake City,Great Bridge High,0.18899999999999997
Chesapeake City,Great Bridge Intermediate,0.183
Chesapeake City,Great Bridge Middle,0.166
Fairfax County,Great Falls Elementary,0.031
Virginia Beach City,Great Neck Middle,0.292
Virginia Beach City,Green Run Collegiate,0.444
Virginia Beach City,Green Run Elementary,0.653
Virginia Beach City,Green Run High,0.583
Roanoke County,Green Valley Elementary,0.28300000000000003
Fairfax County,Greenbriar East Elementary,0.259
Fairfax County,Greenbriar West Elementary,0.145
Charlottesville City,Greenbrier Elementary,0.439
Chesapeake City,Greenbrier Intermediate,0.34600000000000003
Chesapeake City,Greenbrier Middle,0.37
Washington County,Greendale Elementary,0.7959999999999999
Botetourt County,Greenfield Elementary,0.29
Chesterfield County,Greenfield Elementary,0.244
Greensville County,Greensville County High,0.9890000000000001
Greensville County,Greensville Elementary,0.988
Fauquier County,Greenville Elementary,0.073
Frederick County,Greenwood Mill Elementary,0.24600000000000002
Pittsylvania County,Gretna Elementary,0.86
Pittsylvania County,Gretna High,0.614
Pittsylvania County,Gretna Middle,0.826
Fairfax County,Groveton Elementary,0.826
Buchanan County,Grundy High,0.84
Loudoun County,Guilford Elementary,0.8170000000000001
Fairfax County,Gunston Elementary,0.34600000000000003
Arlington County,Gunston Middle,0.37
Augusta County,Guy K. Stump Elementary,0.39
Stafford County,H.H. Poole Middle,0.314
Fauquier County,H.M. Pearson Elementary,0.375
Halifax County,Halifax County High,0.846
Halifax County,Halifax County Middle,0.846
Fairfax County,Halley Elementary,0.39299999999999996
Loudoun County,Hamilton Elementary,0.136
King William County,Hamilton Holmes Middle,0.3
Hampton City,Hampton High,0.552
Stafford County,Hampton Oaks Elementary,0.228
Hanover County,Hanover High,0.14300000000000002
Patrick County,Hardin Reynolds Memorial School,0.6920000000000001
Montgomery County,Harding Avenue Elementary,0.187
Isle of Wight County,Hardy Elementary,0.45299999999999996
Loudoun County,Harmony Middle,0.077
Henrico County,Harold Macon Ratcliffe Elementary,0.8220000000000001
Loudoun County,Harper Park Middle,0.226
Lexington City,Harrington Waddell Elementary,0.23
Spotsylvania County,Harrison Road Elementary,0.513
Harrisonburg City,Harrisonburg High,0.6609999999999999
Chesterfield County,Harrowgate Elementary,0.902
Hopewell City,Harry E. James Elementary,0.986
Stafford County,Hartwood Elementary,0.278
Henrico County,Harvie Elementary,0.8220000000000001
Fairfax County,Haycock Elementary,0.013999999999999999
Fairfax County,Hayfield Elementary,0.151
Fairfax County,Hayfield Secondary,0.299
Prince William County,Haymarket Elementary,0.11800000000000001
Richmond City,Henderson Middle,1.0
Henrico County,Henrico High,0.512
Henrico County,Henry D. Ward Elementary,0.823
Franklin County,Henry Elementary,0.851
Richmond City,Henry Marsh III Elementary,1.0
Prince William County,Herbert J. Saunders Middle,0.327
Lynchburg City,Heritage Elementary,0.927
Loudoun County,Heritage High,0.225
Lynchburg City,Heritage High,0.616
Newport News City,Heritage High,0.765
Roanoke County,Herman L. Horn Elementary,0.489
Virginia Beach City,Hermitage Elementary,0.406
Henrico County,Hermitage High,0.54
Fairfax County,Herndon Elementary,0.6629999999999999
Fairfax County,Herndon High,0.449
Fairfax County,Herndon Middle,0.52
Chesapeake City,Hickory Elementary,0.23800000000000002
Chesapeake City,Hickory High,0.08
Chesapeake City,Hickory Middle,0.128
Roanoke County,Hidden Valley High,0.158
Roanoke County,Hidden Valley Middle,0.221
Newport News City,Hidenwood Elementary,0.764
Washington County,High Point Elementary,0.529
Highland County,Highland Elementary,0.5770000000000001
Highland County,Highland High,0.598
Roanoke City,Highland Park Elementary,1.0
Henrico County,Highland Springs Elementary,0.8220000000000001
Henrico County,Highland Springs High,0.596
Bristol City,Highland View Elementary,0.937
Warren County,Hilda J. Barbour Elementary,0.4
Suffolk City,Hillpoint Elementary,0.883
Loudoun County,Hillside Elementary,0.084
Carroll County,Hillsville Elementary,0.626
Scott County,Hilton Elementary,0.589
Newport News City,Hilton Elementary,0.764
Portsmouth City,Hodges Manor Elementary,1.0
Arlington County,Hoffman-Boston Elementary,0.45799999999999996
Virginia Beach City,Holland Elementary,0.8440000000000001
Fairfax County,Hollin Meadows Elementary,0.5870000000000001
Albemarle County,Hollymead Elementary,0.149
Fairfax County,Holmes Middle,0.594
Washington County,Holston High,0.631
Newport News City,Homer L. Hines Middle,0.764
Russell County,Honaker Elementary,0.6709999999999999
Russell County,Honaker High,0.621
Shenandoah County,Honey Run Elementary,0.604
Hopewell City,Hopewell High,0.987
Chesterfield County,Hopkins Road Elementary,0.677
Loudoun County,Horizon Elementary,0.165
Bedford County,Huddleston Elementary,0.519
Fredericksburg City,Hugh Mercer Elementary,0.81
Fairfax County,Hughes Middle,0.379
Chesapeake City,Hugo A. Owens Middle,0.262
Richmond City,Huguenot High,1.0
Fairfax County,Hunt Valley Elementary,0.068
Hampton City,Hunter B. Andrews,0.9109999999999999
Fairfax County,Hunters Woods Elementary School for the Arts and Sciences,0.23
Newport News City,Huntington Middle,0.763
Buchanan County,Hurley Elementary/Middle,0.8420000000000001
Buchanan County,Hurley High,0.8420000000000001
Roanoke City,Hurt Park Elementary,1.0
Fairfax County,Hutchison Elementary,0.826
Loudoun County,Hutchison Farm Elementary,0.225
Fairfax County,Hybla Valley Elementary,0.826
Portsmouth City,I.C. Norcom High,1.0
Grayson County,Independence Elementary,0.6940000000000001
Loudoun County,Independence High,0.077
Grayson County,Independence Middle,0.647
Virginia Beach City,Independence Middle,0.41200000000000003
Frederick County,Indian Hollow Elementary,0.409
Virginia Beach City,Indian Lakes Elementary,0.40299999999999997
Chesapeake City,Indian River High,0.452
Chesapeake City,Indian River Middle,0.606
Floyd County,Indian Valley Elementary,0.42
Norfolk City,Ingleside Elementary,0.96
Fairfax County,Irving Middle,0.155
Fairfax County,Island Creek Elementary,0.1
Williamsburg-James City County,J. Blaine Blayton Elementary,0.364
Rockingham County,J. Frank Hillyard Middle,0.435
Loudoun County,J. Lupton Simpson Middle,0.237
Loudoun County,J. Michael Lunsford Middle,0.10099999999999999
Chesterfield County,J.A. Chalkley Elementary,0.902
Richmond City,J.B. Fisher Elementary,1.0
Chesterfield County,J.B. Watkins Elementary,0.128
Chesterfield County,J.G. Hening Elementary,0.573
Richmond City,J.L. Francis Elementary,1.0
Wise County,J.W. Adams Combined,0.878
Prince William County,J.W. Alvey Elementary,0.040999999999999995
Henrico County,Jackson Davis Elementary,0.349
Wythe County,Jackson Memorial Elementary,0.5489999999999999
Fairfax County,Jackson Middle,0.503
Albemarle County,Jackson P. Burley Middle,0.405
Charlottesville City,Jackson-Via Elementary,0.856
Henrico County,Jacob L. Adams Elementary,0.823
Chesterfield County,Jacobs Road Elementary,0.42100000000000004
Norfolk City,Jacox Elementary,0.9590000000000001
Williamsburg-James City County,James Blair Middle,0.40399999999999997
Fauquier County,James G. Brumfield Elementary,0.32299999999999995
Alexandria City,James K. Polk Elementary,0.7170000000000001
Roanoke City,James Madison Middle,1.0
Norfolk City,James Monroe Elementary,0.961
Fredericksburg City,James Monroe High,0.426
Williamsburg-James City County,James River Elementary,0.698
Botetourt County,James River High,0.243
Chesterfield County,James River High,0.28
Brunswick County,James S. Russell Middle,0.977
Frederick County,James Wood High,0.258
Frederick County,James Wood Middle,0.466
Arlington County,Jamestown Elementary,0.034
Williamsburg-James City County,Jamestown High,0.179
Hampton City,Jane H. Bryan Elementary,0.9109999999999999
Bedford County,Jefferson Forest High,0.16899999999999998
Arlington County,Jefferson Middle,0.409
Alexandria City,Jefferson-Houston PK-8 School,0.634
Manassas City,Jennie Dean Elementary,0.7020000000000001
Alleghany Highlands,Jeter-Watson Elementary,0.6459999999999999
Alexandria City,John Adams Elementary,0.72
Richmond City,John B. Cary Elementary,1.0
Virginia Beach City,John B. Dey Elementary,0.18100000000000002
Rockingham County,John C. Myers Elementary,0.38799999999999996
Loudoun County,John Champe High,0.11800000000000001
Prince William County,John D. Jenkins Elementary,0.757
Suffolk City,John F. Kennedy Middle,0.8420000000000001
Prince William County,John F. Pattie Sr. Elementary,0.39399999999999996
Winchester City,John Handley High,0.508
Winchester City,John Kerr Elementary,0.828
Pittsylvania County,John L. Hurt Elementary,0.86
Hanover County,John M. Gandy Elementary,0.513
Richmond City,John Marshall High,1.0
Radford City,John N. Dalton Intermediate,0.413
Roanoke City,John P. Fishwick Middle,1.0
Henrico County,John Randolph Tucker High,0.462
Henrico County,John Rolfe Middle,0.8220000000000001
Washington County,John S. Battle High,0.387
Rockingham County,John W. Wayland Elementary,0.29
Suffolk City,John Yeates Middle,0.249
Charlottesville City,Johnson Elementary,0.855
Fairfax County,Johnson Middle,0.322
Clarke County,Johnson-Williams Middle,0.214
Chesapeake City,Jolliff Middle,0.373
Lee County,Jonesville Middle,0.945
Newport News City,Joseph H. Saunders Elementary,0.764
Franklin City,Joseph P. King Jr. Middle,1.0
Albemarle County,Joseph T. Henley Middle,0.133
Bristol City,Joseph Van Pelt Elementary,0.9390000000000001
Louisa County,Jouett Elementary,0.485
Albemarle County,Journey Middle,0.5489999999999999
Fairfax County,Justice High,0.634
Stafford County,Kate Waller Barrett Elementary,0.562
Newport News City,Katherine Johnson Elementary,0.765
Hampton City,Kecoughtan High,0.396
Fairfax County,Keene Mill Elementary,0.18100000000000002
Accomack County,Kegotank Elementary,0.9109999999999999
Harrisonburg City,Keister Elementary,0.687
Virginia Beach City,Kempsville Elementary,0.331
Virginia Beach City,Kempsville High,0.366
Virginia Beach City,Kempsville Meadows Elementary,0.42200000000000004
Virginia Beach City,Kempsville Middle,0.34299999999999997
Lunenburg County,Kenbridge Elementary,0.899
Arlington County,Kenmore Middle,0.522
Loudoun County,Kenneth W.Culbert Elementary,0.083
Fairfax County,Kent Gardens Elementary,0.016
Pittsylvania County,Kentuck Elementary,0.615
Prince William County,Kerrydale Elementary,0.672
Hanover County,Kersey Creek Elementary,0.109
Fauquier County,Kettle Run High,0.106
Fairfax County,Key Center,0.461
Fairfax County,Key Middle,0.615
Suffolk City,Kilby Shores Elementary,0.495
Fairfax County,Kilmer Center,0.297
Fairfax County,Kilmer Middle,0.174
Newport News City,Kiln Creek Elementary,0.764
King and Queen County,King & Queen Elementary,0.6990000000000001
King George County,King George Elementary,0.389
King George County,King George High,0.272
King George County,King George Middle,0.293
King William County,King William High,0.297
Suffolk City,King's Fork High,0.435
Suffolk City,King's Fork Middle,0.531
Virginia Beach City,King's Grant Elementary,0.435
Fairfax County,Kings Glen Elementary,0.261
Fairfax County,Kings Park Elementary,0.19399999999999998
Virginia Beach City,Kingston Elementary,0.1
Montgomery County,Kipps Elementary,0.18
Northampton County,Kiptopeke Elementary,0.813
Prince William County,Kyle R. Wilson Elementary,0.395
Henrico County,L. Douglas Wilder Middle,0.8220000000000001
Wise County,L.F. Addington Middle,0.5760000000000001
Prince George County,L.L. Beazley Elementary,0.534
Henrico County,Laburnum Elementary,0.8220000000000001
Rockingham County,Lacey Spring Elementary,0.46399999999999997
Fredericksburg City,Lafayette Elementary,0.81
Williamsburg-James City County,Lafayette High,0.335
Fairfax County,Lake Anne Elementary,0.39799999999999996
Fairfax County,Lake Braddock Secondary,0.153
Prince William County,Lake Ridge Elementary,0.40399999999999997
Prince William County,Lake Ridge Middle,0.36200000000000004
Norfolk City,Lake Taylor,0.96
Suffolk City,Lakeland High,0.483
Petersburg City,Lakemont Elementary,1.0
Henrico County,Lakeside Elementary,0.7070000000000001
Albemarle County,Lakeside Middle,0.198
Portsmouth City,Lakeview Elementary,1.0
Colonial Heights City,Lakeview Elementary,0.637
Lancaster County,Lancaster High,0.531
Lancaster County,Lancaster Middle,0.664
Lancaster County,Lancaster Primary,0.758
Virginia Beach City,Landstown Elementary,0.392
Virginia Beach City,Landstown High,0.335
Virginia Beach City,Landstown Middle,0.387
Fairfax County,Lane Elementary,0.19699999999999998
Fairfax County,Langley High,0.021
Norfolk City,Larchmont Elementary,0.226
Virginia Beach City,Larkspur Middle,0.5429999999999999
Norfolk City,Larrymore Elementary,0.96
Carroll County,Laurel Elementary,0.602
Fairfax County,Laurel Hill Elementary,0.162
Williamsburg-James City County,Laurel Lane Elementary,0.43700000000000006
Hanover County,Laurel Meadow Elementary,0.289
Fairfax County,Laurel Ridge Elementary,0.08
King and Queen County,Lawson-Marriott Elementary,0.687
Russell County,Lebanon Elementary,0.545
Russell County,Lebanon High,0.49700000000000005
Russell County,Lebanon Middle,0.534
Lee County,Lee High,0.945
Spotsylvania County,Lee Hill Elementary,0.41
Franklin County,Lee M. Waid Elementary,0.85
Fairfax County,Lees Corner Elementary,0.138
Loudoun County,Leesburg Elementary,0.418
Campbell County,Leesville Road Elementary,0.43200000000000005
Prince William County,Leesylvania Elementary,0.457
Fairfax County,Lemon Road Elementary,0.16399999999999998
Warren County,Leslie Fox Keyser Elementary,0.424
Albemarle County,Leslie H. Walton Middle,0.397
Fairfax County,Lewis High,0.552
Caroline County,Lewis and Clark Elementary,0.439
Loudoun County,Liberty Elementary,0.095
Bedford County,Liberty High,0.48700000000000004
Fauquier County,Liberty High,0.353
Fairfax County,Liberty Middle,0.322
Hanover County,Liberty Middle,0.36700000000000005
Bedford County,Liberty Middle,0.511
Orange County,Lightfoot Elementary,0.424
Loudoun County,Lincoln Elementary,0.022000000000000002
Roanoke City,Lincoln Terrace Elementary,1.0
Norfolk City,Lindenwood Elementary,0.961
Virginia Beach City,Linkhorn Park Elementary,0.376
Lynchburg City,Linkhorne Elementary,0.9279999999999999
Lynchburg City,Linkhorne Middle,0.927
Rockingham County,Linville-Edom Elementary,0.415
Richmond City,Linwood Holton Elementary,1.0
Norfolk City,Little Creek Elementary,0.9590000000000001
Loudoun County,Little River Elementary,0.053
Fairfax County,Little Run Elementary,0.225
Spotsylvania County,Livingston Elementary,0.43
Chesterfield County,Lloyd C. Bird High,0.46
Prince William County,Loch Lomond Elementary,0.768
Orange County,Locust Grove Elementary,0.47600000000000003
Orange County,Locust Grove Middle,0.408
Williamsburg-James City County,Lois Hornsby Middle,0.298
Fairfax County,London Towne Elementary,0.531
Arlington County,Long Branch Elementary,0.32899999999999996
Henrico County,Longdale Elementary,0.8220000000000001
Fairfax County,Longfellow Middle,0.085
Botetourt County,Lord Botetourt High,0.18899999999999997
Fairfax County,Lorton Station Elementary,0.515
Loudoun County,Loudoun County High,0.179
Loudoun County,Loudoun Valley High,0.087
Louisa County,Louisa County High,0.39899999999999997
Louisa County,Louisa County Middle,0.462
Prince William County,Louise A. Benton Middle,0.159
Loudoun County,Lovettsville Elementary,0.11900000000000001
Loudoun County,Lowes Island Elementary,0.087
Richmond City,Lucille M. Brown Middle,1.0
Loudoun County,Lucketts Elementary,0.2
Lunenburg County,Lunenburg Middle,0.794
Page County,Luray Elementary,0.649
Page County,Luray High,0.485
Page County,Luray Middle,0.56
Surry County,Luther P. Jackson Middle,0.606
Virginia Beach City,Luxford Elementary,0.584
Lexington City,Lylburn Downing Middle,0.237
Alexandria City,Lyles-Crouch Elementary,0.193
Fairfax County,Lynbrook Elementary,0.826
Virginia Beach City,Lynnhaven Elementary,0.6509999999999999
Virginia Beach City,Lynnhaven Middle,0.449
Suffolk City,Mack Benn Jr. Elementary,0.882
Giles County,Macy Mcclaugherty Elementary/Middle,0.5479999999999999
Madison County,Madison County High,0.408
Caroline County,Madison Elementary,0.632
Amherst County,Madison Heights Elementary,0.899
Fairfax County,Madison High,0.099
Loudoun County,Madison's Trust Elementary,0.034
Henry County,Magna Vista High,0.8859999999999999
York County,Magruder Elementary,0.35
Virginia Beach City,Malibu Elementary,0.43
Manassas Park City,Manassas Park Elementary,0.706
Manassas Park City,Manassas Park High,0.579
Manassas Park City,Manassas Park Middle,0.6579999999999999
Chesterfield County,Manchester High,0.28600000000000003
Chesterfield County,Manchester Middle,0.488
Portsmouth City,Manor High,0.644
Fairfax County,Mantua Elementary,0.14
Montgomery County,Margaret Beeks Elementary,0.308
Fauquier County,Margaret M. Pierce Elementary,0.379
Chesterfield County,Marguerite F. Christian Elementary,0.602
Smyth County,Marion Elementary,0.777
Smyth County,Marion Middle,0.757
Smyth County,Marion Senior High,0.777
Fairfax County,Marshall High,0.201
Fauquier County,Marshall Middle,0.361
Fairfax County,Marshall Road Elementary,0.268
Prince William County,Martin Luther King Jr. Elementary,0.54
Martinsville City,Martinsville High,1.0
Martinsville City,Martinsville Middle,1.0
Prince William County,Marumsco Hills Elementary,0.846
Norfolk City,Mary Calcott Elementary,0.542
Albemarle County,Mary Carr Greer Elementary,0.73
Falls Church City,Mary Ellen Henderson Middle,0.0
Prince William County,Mary G. Porter Traditional,0.249
Richmond City,Mary Munford Elementary,1.0
Newport News City,Mary Passage Middle,0.765
Hampton City,Mary S. Peake Elementary,0.9109999999999999
Hampton City,Mary T. Christian Elementary,0.909
Hampton City,Mary W. Jackson Elementary,0.308
Fauquier County,Mary Walter Elementary,0.529
Fairfax County,Mason Crest Elementary,0.47600000000000003
Roanoke County,Mason's Cove Elementary,0.447
Spotsylvania County,Massaponax High,0.33
Mathews County,Mathews Elementary,0.488
Mathews County,Mathews High,0.426
Chesterfield County,Matoaca Elementary,0.519
Chesterfield County,Matoaca High,0.32899999999999996
Chesterfield County,Matoaca Middle,0.336
Williamsburg-James City County,Matoaka Elementary,0.213
Williamsburg-James City County,Matthew Whaley Elementary,0.451
Henrico County,Maude Trevvett Elementary,0.547
Rockbridge County,Maury River Middle,0.512
Wythe County,Max Meadows Elementary,0.539
Henrico County,Maybeury Elementary,0.342
Manassas City,Mayfield Intermediate,0.627
Craig County,McCleary Elementary,0.632
Rockingham County,McGaheysville Elementary,0.408
Fairfax County,McLean High,0.09
Henry County,Meadow View Elementary,0.887
Chesterfield County,Meadowbrook High,0.581
Loudoun County,Meadowland Elementary,0.491
Washington County,Meadowview Elementary,0.795
Halifax County,Meadville Elementary,0.846
Hanover County,Mechanicsville Elementary,0.56
Hanover County,Mechanicsville High,0.2
Southampton County,Meherrin Elementary,0.55
Brunswick County,Meherrin Powellton Elementary,0.976
Newport News City,Menchville High,0.765
Falls Church City,Meridian High,0.0
Albemarle County,Meriwether Lewis Elementary,0.10400000000000001
Accomack County,Metompkin Elementary,0.91
Middlesex County,Middlesex Elementary,0.61
Middlesex County,Middlesex High,0.366
Frederick County,Middletown Elementary,0.428
Chesterfield County,Midlothian High,0.109
Chesterfield County,Midlothian Middle,0.092
Dinwiddie County,Midway Elementary,0.38799999999999996
Richmond City,Miles Jones Elementary,1.0
Loudoun County,Mill Run Elementary,0.027999999999999997
Bath County,Millboro Elementary,0.616
Frederick County,Millbrook High,0.341
Henrico County,Mills E. Godwin High,0.16
Prince William County,Minnieville Elementary,0.688
Chesterfield County,Monacan High,0.3
Amherst County,Monelison Middle,0.564
Bedford County,Moneta Elementary,0.5760000000000001
Prince William County,Montclair Elementary,0.457
Roanoke City,Monterey Elementary,1.0
Arlington County,Montessori Public School of Arlington,0.28300000000000003
Rockingham County,Montevideo Middle,0.386
Albemarle County,Monticello High,0.295
Henrico County,Montrose Elementary,0.8220000000000001
Westmoreland County,Montross Middle,0.672
Bedford County,Montvale Elementary,0.599
Loudoun County,Moorefield Station Elementary,0.131
Roanoke City,Morningside Elementary,1.0
Fairfax County,Mosaic Elementary,0.21899999999999997
Louisa County,Moss-Nuckols Elementary,0.35600000000000004
Pittsylvania County,Mount Airy Elementary,0.8270000000000001
Fairfax County,Mount Eagle Elementary,0.715
Roanoke County,Mount Pleasant Elementary,0.47200000000000003
Alexandria City,Mount Vernon Elementary,0.506
Fairfax County,Mount Vernon High,0.583
Fairfax County,Mount Vernon Woods Elementary,0.826
Albemarle County,Mountain View Elementary,0.41600000000000004
Rockbridge County,Mountain View Elementary,0.45899999999999996
Roanoke County,Mountain View Elementary,0.44799999999999995
Rockingham County,Mountain View Elementary,0.475
Alleghany Highlands,Mountain View Elementary,0.8
Prince William County,Mountain View Elementary,0.086
Loudoun County,Mountain View Elementary,0.13
Fairfax County,Mountain View High,0.45299999999999996
Shenandoah County,Mountain View High,0.441
Accomack County,Nandua High,0.91
Accomack County,Nandua Middle,0.9109999999999999
Suffolk City,Nansemond Parkway Elementary,0.484
Suffolk City,Nansemond River High,0.23800000000000002
Alexandria City,Naomi L. Brooks Elementary,0.305
Giles County,Narrows High,0.47700000000000004
Greene County,Nathanael Greene Elementary,0.469
Rockbridge County,Natural Bridge Elementary,0.703
Fairfax County,Navy Elementary,0.037000000000000005
Prince William County,Neabsco Elementary,0.797
Nelson County,Nelson County High,0.462
Nelson County,Nelson Middle,0.515
Virginia Beach City,New Castle Elementary,0.20600000000000002
Bedford County,New London Academy Elementary,0.182
Fairfax County,Newington Forest Elementary,0.265
Newport News City,Newsome Park Elementary,0.764
Virginia Beach City,Newtown Elementary,0.8440000000000001
Spotsylvania County,Ni River Middle,0.255
Scott County,Nickelsville Elementary,0.616
Chesapeake City,Norfolk Highlands Primary,0.47
Williamsburg-James City County,Norge Elementary,0.45299999999999996
Prince George County,North Elementary,0.514
Colonial Heights City,North Elementary,0.727
Shenandoah County,North Fork Middle,0.5720000000000001
Virginia Beach City,North Landing Elementary,0.124
Augusta County,North River Elementary,0.456
Fairfax County,North Springfield Elementary,0.428
Stafford County,North Stafford High,0.40700000000000003
Northampton County,Northampton High,0.721
Northampton County,Northampton Middle,0.752
Suffolk City,Northern Shores Elementary,0.228
Roanoke County,Northside High,0.359
Norfolk City,Northside Middle,0.96
Roanoke County,Northside Middle,0.419
Northumberland County,Northumberland Elementary,0.779
Northumberland County,Northumberland High,0.779
Northumberland County,Northumberland Middle,0.779
Smyth County,Northwood High,0.758
Smyth County,Northwood Middle,0.755
Norton City,Norton Elementary,0.927
Norfolk City,Norview Elementary,0.961
Norfolk City,Norview High,0.568
Norfolk City,Norview Middle,0.96
Arlington County,Nottingham Elementary,0.043
Southampton County,Nottoway Elementary,0.42
Nottoway County,Nottoway High,0.909
Nottoway County,Nottoway Intermediate,0.9079999999999999
Nottoway County,Nottoway Middle,0.909
Henrico County,Nuckols Farm Elementary,0.08
Danville City,O. Trent Bonner Middle,1.0
Chesterfield County,O.B. Gates Elementary,0.307
Roanoke County,Oak Grove Elementary,0.33299999999999996
Richmond City,Oak Grove/Bellemeade Elementary,1.0
Fairfax County,Oak Hill Elementary,0.054000000000000006
Hanover County,Oak Knoll Middle,0.12300000000000001
Smyth County,Oak Point Elementary,0.777
Falls Church City,Oak Street Elementary,0.067
Fairfax County,Oak View Elementary,0.07
Suffolk City,Oakland Elementary,0.431
Carroll County,Oakland Elementary,0.67
Arlington County,Oakridge Elementary,0.231
Fairfax County,Oakton Elementary,0.084
Fairfax County,Oakton High,0.109
Northampton County,Occohannock Elementary,0.8420000000000001
Prince William County,Occoquan Elementary,0.598
Virginia Beach City,Ocean Lakes Elementary,0.287
Virginia Beach City,Ocean Lakes High,0.26899999999999996
Norfolk City,Ocean View Elementary,0.593
Norfolk City,Oceanair Elementary,0.9590000000000001
Prince William County,Old Bridge Elementary,0.256
Virginia Beach City,Old Donation School,0.1
Chesterfield County,Old Hundred Elementary,0.106
Fairfax County,Olde Creek Elementary,0.16399999999999998
Newport News City,Oliver C. Greenwood Elementary,0.764
Richmond City,Open High,1.0
Orange County,Orange Elementary,0.5670000000000001
Fairfax County,Orange Hunt Elementary,0.062
Frederick County,Orchard View Elementary,0.326
Manassas City,Osbourn High,0.518
Prince William County,Osbourn Park High,0.349
Chesapeake City,Oscar F. Smith High,0.579
Chesapeake City,Oscar Smith Middle,0.971
Bedford County,Otter River Elementary,0.361
Rockingham County,Ottobine Elementary,0.551
Richmond City,Overby-Sheppard Elementary,1.0
Fauquier County,P.B. Smith Elementary,0.083
Page County,Page County High,0.466
Page County,Page County Middle,0.597
Gloucester County,Page Middle,0.433
Danville City,Park Avenue Elementary,1.0
Stafford County,Park Ridge Elementary,0.256
Portsmouth City,Park View Elementary,1.0
Loudoun County,Park View High,0.6629999999999999
Fairfax County,Parklawn Elementary,0.826
Spotsylvania County,Parkside Elementary,0.344
Prince William County,Parkside Middle,0.528
Virginia Beach City,Parkway Elementary,1.0
Buena Vista City,Parry McCluer High,0.504
Buena Vista City,Parry McCluer Middle,0.78
Hopewell City,Patrick Copeland Elementary,0.987
Patrick County,Patrick County High,0.691
Martinsville City,Patrick Henry Elementary,1.0
Hanover County,Patrick Henry High,0.271
Roanoke City,Patrick Henry High,1.0
Washington County,Patrick Henry High,0.493
Alexandria City,Patrick Henry K-8 School,0.775
Patrick County,Patrick Springs Primary,0.69
Prince William County,Patriot High,0.139
Hampton City,Paul Burbank Elementary,0.55
Lynchburg City,Paul Munro Elementary,0.9279999999999999
Rockingham County,Peak View Elementary,0.365
Culpeper County,Pearl Sample Elementary,0.564
Hanover County,Pearson's Corner Elementary,0.057999999999999996
Gloucester County,Peasley Middle,0.369
Henrico County,Pemberton Elementary,0.168
Virginia Beach City,Pembroke Elementary,0.535
Virginia Beach City,Pembroke Meadows Elementary,0.425
Roanoke County,Penn Forest Elementary,0.175
Lee County,Pennington Middle,0.943
Prince William County,Pennington Traditional,0.17800000000000002
Lynchburg City,Perrymont Elementary,0.927
Shenandoah County,Peter Muhlenberg Middle,0.491
Petersburg City,Petersburg High,1.0
Gloucester County,Petsworth Elementary,0.45299999999999996
Charlotte County,Phenix Elementary,0.629
Hampton City,Phillips Elementary,0.536
Hampton City,Phoebus High,0.611
Henrico County,Pinchbeck Elementary,0.435
Fairfax County,Pine Spring Elementary,0.636
Loudoun County,Pinebrook Elementary,0.08900000000000001
Prince William County,Piney Branch Elementary,0.146
Rockingham County,Plains Elementary,0.519
Virginia Beach City,Plaza Middle,0.442
Rockingham County,Pleasant Valley Elementary,0.611
Petersburg City,Pleasants Lane Elementary,1.0
Powhatan County,Pocahontas Elementary,0.295
Henrico County,Pocahontas Middle,0.21
Fairfax County,Poe Middle,0.723
Virginia Beach City,Point O' View Elementary,0.584
Hanover County,Pole Green Elementary,0.155
Fairfax County,Poplar Tree Elementary,0.071
Poquoson City,Poquoson Elementary,0.171
Poquoson City,Poquoson High,0.142
Poquoson City,Poquoson Middle,0.168
Spotsylvania County,Post Oak Middle,0.45799999999999996
King George County,Potomac Elementary,0.271
Loudoun County,Potomac Falls High,0.217
Prince William County,Potomac High,0.49700000000000005
Prince William County,Potomac Middle,0.556
Prince William County,Potomac View Elementary,0.873
Loudoun County,Potowmack Elementary,0.39399999999999996
Fairfax County,Powell Elementary,0.166
Powhatan County,Powhatan Elementary,0.165
Powhatan County,Powhatan High,0.17
Powhatan County,Powhatan Middle,0.20199999999999999
Roanoke City,Preston Park Elementary,1.0
Montgomery County,Prices Fork Elementary,0.539
Prince Edward County,Prince Edward County High,0.612
Prince Edward County,Prince Edward Elementary,0.983
Prince Edward County,Prince Edward Middle,0.9329999999999999
Prince George County,Prince George High,0.364
Virginia Beach City,Princess Anne Elementary,0.071
Virginia Beach City,Princess Anne High,0.281
Virginia Beach City,Princess Anne Middle,0.131
Orange County,Prospect Heights Middle,0.557
Chesterfield County,Providence Elementary,0.564
Virginia Beach City,Providence Elementary,0.34700000000000003
Fairfax County,Providence Elementary,0.431
Chesterfield County,Providence Middle,0.579
Pulaski County,Pulaski County Senior High,0.465
Accomack County,Pungoteague Elementary,0.9109999999999999
York County,Queens Lake Middle,0.257
Henrico County,Quioccasin Middle,0.48100000000000004
Prince William County,R. Dean Kilby Elementary,0.846
Henrico County,R.C. Longan Elementary,0.555
Radford City,Radford High,0.353
Arlington County,Randolph Elementary,0.731
Goochland County,Randolph Elementary,0.284
Charlotte County,Randolph-Henry High,0.507
Rappahannock County,Rappahannock County Elementary,0.42100000000000004
Rappahannock County,Rappahannock County High,0.301
Richmond County,Rappahannock High,0.741
Fairfax County,Ravensworth Elementary,0.155
Botetourt County,Read Mountain Middle,0.237
Chesterfield County,Reams Road Elementary,0.602
Albemarle County,Red Hill Elementary,0.528
Virginia Beach City,Red Mill Elementary,0.126
Brunswick County,Red Oak-Sturgeon Elementary,0.9790000000000001
Frederick County,Redbud Run Elementary,0.528
Warren County,Ressie Jeffries Elementary,0.55
Washington County,Rhea Valley Elementary,0.797
Henry County,Rich Acres Elementary,0.887
Smyth County,Rich Valley Elementary,0.759
Norfolk City,Richard Bowling Elementary,0.9590000000000001
Manassas City,Richard C. Haydon Elementary,0.642
Newport News City,Richard T. Yates Elementary,0.764
Tazewell County,Richlands Elementary,0.868
Tazewell County,Richlands High,0.511
Tazewell County,Richlands Middle,0.867
Richmond City,Richmond Community High,1.0
Richmond County,Richmond County Elementary,0.742
Newport News City,Richneck Elementary,0.765
Henrico County,Ridge Elementary,0.8240000000000001
Dickenson County,Ridgeview High,0.7020000000000001
Dickenson County,Ridgeview Middle,0.865
Prince William County,Rippon Middle,0.596
Rockingham County,River Bend Elementary,0.5670000000000001
Loudoun County,River Bend Middle,0.247
Richmond City,River City Middle,1.0
Prince William County,River Oaks Elementary,0.645
Southampton County,Riverdale Elementary,0.457
Augusta County,Riverheads Elementary,0.445
Augusta County,Riverheads High,0.311
Pulaski County,Riverlawn Elementary,0.79
Henrico County,Rivers Edge Elementary,0.054000000000000006
Fairfax County,Riverside Elementary,0.826
Newport News City,Riverside Elementary,0.765
Loudoun County,Riverside High,0.096
Spotsylvania County,Riverview Elementary,0.45
Buchanan County,Riverview Elementary/Middle,0.841
Roanoke City,Roanoke Academy For Mathematics & Science Elementary,1.0
Frederick County,Robert E. Aylor Middle,0.401
Lynchburg City,Robert S. Payne Elementary,0.9279999999999999
Fairfax County,Robinson Secondary,0.10800000000000001
Chesterfield County,Robious Elementary,0.126
Chesterfield County,Robious Middle,0.259
Loudoun County,Rock Ridge High,0.11800000000000001
Rockbridge County,Rockbridge County High,0.33299999999999996
Nelson County,Rockfish River Elementary,0.534
Stafford County,Rockhill Elementary,0.252
Prince William County,Rockledge Elementary,0.517
Franklin County,Rocky Mount Elementary,0.85
Stafford County,Rocky Run Elementary,0.41100000000000003
Fairfax County,Rocky Run Middle,0.14800000000000002
Stafford County,Rodney E. Thompson Middle,0.17300000000000001
Loudoun County,Rolling Ridge Elementary,0.6779999999999999
Fairfax County,Rolling Valley Elementary,0.20800000000000002
Prince William County,Ronald Wilson Reagan Middle,0.12
Loudoun County,Rosa Lee Carter Elementary,0.064
Prince William County,Rosa Parks Elementary,0.429
Lee County,Rose Hill Elementary,0.945
Fairfax County,Rose Hill Elementary,0.423
Virginia Beach City,Rosemont Elementary,0.638
Virginia Beach City,Rosemont Forest Elementary,0.276
Roanoke City,Round Hill Elementary,1.0
Loudoun County,Round Hill Elementary,0.069
Henrico County,Ruby F. Carver Elementary,0.45899999999999996
Greene County,Ruckersville Elementary,0.35100000000000003
Hanover County,Rural Point Elementary,0.139
Wythe County,Rural Retreat Elementary,0.512
Wythe County,Rural Retreat High,0.41100000000000003
Wythe County,Rural Retreat Middle,0.485
Campbell County,Rustburg Elementary,0.653
Campbell County,Rustburg High,0.452
Campbell County,Rustburg Middle,0.516
Scott County,Rye Cove High,0.6579999999999999
Scott County,Rye Cove Intermediate,0.647
Augusta County,S. Gordon Stewart Middle,0.419
Franklin City,S.P. Morton Elementary,1.0
Chesterfield County,Salem Church Elementary,0.5820000000000001
Chesterfield County,Salem Church Middle,0.578
Spotsylvania County,Salem Elementary,0.528
Virginia Beach City,Salem Elementary,0.376
Virginia Beach City,Salem High,0.341
Salem City,Salem High,0.308
Virginia Beach City,Salem Middle,0.348
Smyth County,Saltville Elementary,0.779
Prince William County,Samuel L. Gravely Jr. Elementary,0.12300000000000001
Hampton City,Samuel P. Langley Elementary,0.528
Alexandria City,Samuel W. Tucker Elementary,0.584
Fairfax County,Sandburg Middle,0.486
Loudoun County,Sanders Corner Elementary,0.13699999999999998
Dickenson County,Sandlick Elementary,0.821
Henrico County,Sandston Elementary,0.8240000000000001
Lynchburg City,Sandusky Elementary,0.929
Lynchburg City,Sandusky Middle,0.9279999999999999
Shenandoah County,Sandy Hook Elementary,0.455
Fairfax County,Sangster Elementary,0.026000000000000002
Henry County,Sanville Elementary,0.8859999999999999
Fairfax County,Saratoga Elementary,0.409
Danville City,Schoolfield Elementary,1.0
Wythe County,Scott Memorial Middle,0.529
Halifax County,Scottsburg Elementary,0.847
Albemarle County,Scottsville Elementary,0.434
York County,Seaford Elementary,0.228
Virginia Beach City,Seatack Elementary an Achievable Dream Academy,1.0
Newport News City,Sedgefield Elementary,0.764
Loudoun County,Seldens Landing Elementary,0.10300000000000001
Loudoun County,Seneca Ridge Middle,0.355
Henrico County,Seven Pines Elementary,0.5589999999999999
Norfolk City,Sewells Point Elementary,0.486
Henrico County,Shady Grove Elementary,0.05
Prince William County,Sharon C. McAuliffe Elementary,0.602
Alleghany Highlands,Sharon Elementary,0.644
Montgomery County,Shawsville Middle,0.589
Wythe County,Sheffey Elementary,0.54
Lynchburg City,Sheffield Elementary,0.927
Staunton City,Shelburne Middle,0.745
Virginia Beach City,Shelton Park Elementary,0.449
Page County,Shenandoah Elementary,0.58
Frederick County,Sherando High,0.259
Fairfax County,Sherman Elementary,0.036000000000000004
Norfolk City,Sherwood Forest Elementary,0.96
Stafford County,Shirley C. Heim Middle,0.435
Scott County,Shoemaker Elementary,0.83
Henrico County,Short Pump Elementary,0.11199999999999999
Henrico County,Short Pump Middle,0.09
Fairfax County,Shrevewood Elementary,0.233
Prince William County,Signal Hill Elementary,0.299
Shenandoah County,Signal Knob Middle,0.425
Fairfax County,Silverbrook Elementary,0.08199999999999999
Portsmouth City,Simonsdale Elementary,0.5489999999999999
Halifax County,Sinai Elementary,0.848
Henrico County,Skipwith Elementary,0.57
Warren County,Skyline High,0.376
Harrisonburg City,Skyline Middle,0.8370000000000001
Warren County,Skyline Middle,0.5
Fairfax County,Sleepy Hollow Elementary,0.607
Spotsylvania County,Smith Station Elementary,0.41
Isle of Wight County,Smithfield High,0.29100000000000004
Isle of Wight County,Smithfield Middle,0.331
Harrisonburg City,Smithland Elementary,0.838
Franklin County,Snow Creek Elementary,0.63
Pulaski County,Snowville Elementary,0.792
Prince William County,Sonnie Penn Elementary,0.303
Franklin County,Sontag Elementary,0.8490000000000001
Hanover County,South Anna Elementary,0.21899999999999997
Halifax County,South Boston Elementary,0.845
Fairfax County,South County High,0.207
Fairfax County,South County Middle,0.22899999999999998
Prince George County,South Elementary,0.382
Mecklenburg County,South Hill Elementary,0.8420000000000001
Fairfax County,South Lakes High,0.285
Rockingham County,South River Elementary,0.405
Salem City,South Salem Elementary,0.313
Richmond City,Southampton Elementary,1.0
Southampton County,Southampton High,0.35600000000000004
Southampton County,Southampton Middle,0.489
Chesapeake City,Southeastern Elementary,0.154
Dinwiddie County,Southside Elementary,0.725
Pittsylvania County,Southside Elementary,0.628
Suffolk City,Southwestern Elementary,0.46
Chesapeake City,Southwestern Elementary,0.599
Chesapeake City,Sparrow Road Intermediate,0.609
Wythe County,Speedwell Elementary,0.612
Wythe County,Spiller Elementary,0.552
Spotsylvania County,Spotswood Elementary,0.535
Harrisonburg City,Spotswood Elementary,0.8370000000000001
Rockingham County,Spotswood High,0.342
Spotsylvania County,Spotsylvania Elementary,0.39399999999999996
Spotsylvania County,Spotsylvania High,0.33799999999999997
Spotsylvania County,Spotsylvania Middle,0.295
Fairfax County,Spring Hill Elementary,0.042
Chesterfield County,Spring Run Elementary,0.16899999999999998
Page County,Springfield Elementary,0.535
Fairfax County,Springfield Estates Elementary,0.31
Henrico County,Springfield Park Elementary,0.27699999999999997
Prince William County,Springwoods Elementary,0.37200000000000005
Lee County,St. Charles Elementary,0.9420000000000001
Middlesex County,St. Clare Walker Middle,0.496
Norfolk City,St. Helena Elementary,0.9590000000000001
Carroll County,St. Paul,0.736
Wise County,St. Paul Elementary,0.877
Stafford County,Stafford Elementary,0.253
Stafford County,Stafford Middle,0.44
Stafford County,Stafford Senior High,0.29600000000000004
Page County,Stanley Elementary,0.632
Henry County,Stanleytown Elementary,0.8859999999999999
Staunton City,Staunton High,0.38
Bedford County,Staunton River High,0.49
Bedford County,Staunton River Middle,0.531
Fairfax County,Stenwood Elementary,0.092
Loudoun County,Sterling Elementary,0.619
Loudoun County,Sterling Middle,0.718
Loudoun County,Steuart W. Weller Elementary,0.222
Bedford County,Stewartsville Elementary,0.643
Loudoun County,Stone Bridge High,0.10400000000000001
Loudoun County,Stone Hill Middle,0.11599999999999999
Fairfax County,Stone Middle,0.317
Albemarle County,Stone Robinson Elementary,0.268
Harrisonburg City,Stone Spring Elementary,0.8370000000000001
Williamsburg-James City County,Stonehouse Elementary,0.235
Frederick County,Stonewall Elementary,0.41700000000000004
Bristol City,Stonewall Jackson Elementary,0.9390000000000001
Pittsylvania County,Stony Mill Elementary,0.59
Albemarle County,Stony Point Elementary,0.32299999999999995
Shenandoah County,Strasburg High,0.28
Fairfax County,Stratford Landing Elementary,0.233
Virginia Beach City,Strawbridge Elementary,0.188
Patrick County,Stuart Elementary,0.69
Prince William County,Stuart M. Beville Middle,0.594
Augusta County,Stuarts Draft Elementary,0.441
Augusta County,Stuarts Draft High,0.321
Augusta County,Stuarts Draft Middle,0.39799999999999996
Norfolk City,Suburban Park Elementary,0.9590000000000001
Prince William County,Sudley Elementary,0.664
Prince William County,Suella G. Ellis Elementary,0.757
Smyth County,Sugar Grove Elementary,0.78
Loudoun County,Sugarland Elementary,0.71
Loudoun County,Sully Elementary,0.843
Dinwiddie County,Sunnyside Elementary,0.584
Fairfax County,Sunrise Valley Elementary,0.113
Surry County,Surry County High,0.504
Surry County,Surry Elementary,0.6890000000000001
Sussex County,Sussex Central Elementary,0.8809999999999999
Sussex County,Sussex Central High,0.879
Sussex County,Sussex Central Middle,0.8809999999999999
Dinwiddie County,Sutherland Elementary,0.5820000000000001
Prince William County,Swans Creek Elementary,0.58
Richmond City,Swansboro Elementary,1.0
Arlington County,Swanson Middle,0.2
Chesterfield County,Swift Creek Elementary,0.18
Chesterfield County,Swift Creek Middle,0.201
Russell County,Swords Creek Elementary,0.769
Culpeper County,Sycamore Park Elementary,0.727
Loudoun County,Sycolin Creek Elementary,0.032
Halifax County,Sydnor Jennings Elementary,0.8440000000000001
Stafford County,T. Benton Gayle Middle,0.33299999999999996
Prince William County,T. Clay Wood Elementary,0.125
Newport News City,T. Ryland Sanford Elementary,0.764
York County,Tabb Elementary,0.17300000000000001
York County,Tabb High,0.16
York County,Tabb Middle,0.256
Virginia Beach City,Tallwood Elementary,0.405
Virginia Beach City,Tallwood High,0.389
Accomack County,Tangier Combined,0.9129999999999999
Norfolk City,Tanners Creek Elementary,0.96
Essex County,Tappahannock Elementary,1.0
Norfolk City,Tarrallton Elementary,0.527
Arlington County,Taylor Elementary,0.047
Tazewell County,Tazewell High,0.532
Tazewell County,Tazewell Intermediate,0.866
Tazewell County,Tazewell Middle,0.5660000000000001
Amherst County,Temperance Elementary,0.47100000000000003
Fairfax County,Terra Centre Elementary,0.095
Fairfax County,Terraset Elementary,0.319
Virginia Beach City,Thalia Elementary,0.508
Prince William County,The Nokesville School,0.17800000000000002
Chesterfield County,Thelma Crenshaw Elementary,0.46299999999999997
Richmond City,Thomas C. Boushall Middle,1.0
Staunton City,Thomas C. McSwain Elementary,0.35100000000000003
Chesterfield County,Thomas Dale High,0.345
Hampton City,Thomas Eaton Middle,0.532
Harrisonburg City,Thomas Harrison Middle,0.662
Mathews County,Thomas Hunter Middle,0.452
Bedford County,Thomas Jefferson Elementary,0.21600000000000003
Louisa County,Thomas Jefferson Elementary,0.579
Richmond City,Thomas Jefferson High,1.0
Fairfax County,Thomas Jefferson High for Science and Technology,0.018000000000000002
Lee County,Thomas Walker High,0.945
Fairfax County,Thoreau Middle,0.155
Spotsylvania County,Thornburg Middle,0.369
Virginia Beach City,Thoroughgood Elementary,0.17800000000000002
Henrico County,Three Chopt Elementary,0.41600000000000004
Virginia Beach City,Three Oaks Elementary,0.152
Prince William County,Thurgood Marshall Elementary,0.145
Chesapeake City,Thurgood Marshall Elementary,0.97
Norfolk City,Tidewater Park Elementary,0.961
Fairfax County,Timber Lane Elementary,0.595
Williamsburg-James City County,Toano Middle,0.29100000000000004
Chesterfield County,Tomahawk Creek Middle,0.11
Campbell County,Tomahawk Elementary,0.429
Brunswick County,Totaro Elementary,0.977
Loudoun County,Trailside Middle,0.11599999999999999
Virginia Beach City,Trantwood Elementary,0.217
Louisa County,Trevilians Elementary,0.528
Prince William County,Triangle Elementary,0.669
Botetourt County,Troutville Elementary,0.285
Chesapeake City,Truitt Intermediate,0.971
Arlington County,Tuckahoe Elementary,0.015
Henrico County,Tuckahoe Elementary,0.059000000000000004
Henrico County,Tuckahoe Middle,0.304
Pittsylvania County,Tunstall High,0.44
Pittsylvania County,Tunstall Middle,0.528
Rockingham County,Turner Ashby High,0.308
Loudoun County,Tuscarora High,0.26
Colonial Heights City,Tussing Elementary,0.5479999999999999
Fairfax County,Twain Middle,0.33399999999999996
Henrico County,Twin Hickory Elementary,0.11900000000000001
Pittsylvania County,Twin Springs Elementary,0.505
Scott County,Twin Springs High,0.784
Buchanan County,Twin Valley Elementary/Middle,0.841
Buchanan County,Twin Valley High,0.841
Nelson County,Tye River Elementary,0.579
Pittsylvania County,Union Hall Elementary,0.8240000000000001
Wise County,Union High,0.877
Wise County,Union Middle,0.8759999999999999
Fairfax County,Union Mill Elementary,0.111
Wise County,Union Primary,0.8759999999999999
Prince William County,Unity Reed High,0.607
Bath County,Valley Elementary,0.609
Washington County,Valley Institute Elementary,0.795
Henrico County,Varina Elementary,0.49700000000000005
Henrico County,Varina High,0.524
Charlottesville City,Venable Elementary,0.31
Petersburg City,Vernon Johns Middle,1.0
Lunenburg County,Victoria Elementary,0.898
Prince William County,Victory Elementary,0.29100000000000004
Portsmouth City,Victory Elementary,0.589
Fairfax County,Vienna Elementary,0.078
Virginia Beach City,Virginia Beach Middle,0.391
Roanoke City,Virginia Heights Elementary,1.0
Bristol City,Virginia High,0.8
Albemarle County,Virginia L. Murray Elementary,0.066
Bristol City,Virginia Middle,0.937
Fairfax County,Virginia Run Elementary,0.39299999999999996
Fauquier County,W.C. Taylor Middle,0.27399999999999997
Roanoke County,W.E. Cundiff Elementary,0.41200000000000003
Fauquier County,W.G. Coleman Elementary,0.319
Virginia Beach City,W.T. Cooke Elementary,0.439
Chesterfield County,W.W. Gordon Elementary,0.11900000000000001
Shenandoah County,W.W. Robinson Elementary,0.55
Fairfax County,Wakefield Forest Elementary,0.077
Arlington County,Wakefield High,0.41100000000000003
Charlottesville City,Walker Upper Elementary,0.591
Fredericksburg City,Walker-Grant Middle,0.7
Washington County,Wallace Middle,0.48200000000000004
York County,Waller Mill Elementary,0.18100000000000002
Petersburg City,Walnut Hill Elementary,1.0
Norfolk City,Walter Herron Taylor Elementary,0.311
Fairfax County,Waples Mill Elementary,0.099
Williamsburg-James City County,Warhill High,0.26
Warren County,Warren County High,0.36200000000000004
Warren County,Warren County Middle,0.408
Fauquier County,Warrenton Middle,0.182
Newport News City,Warwick High,0.765
Roanoke City,Wasena Elementary,1.0
Westmoreland County,Washington District Elementary,0.613
Fairfax County,Washington Mill Elementary,0.545
Bristol City,Washington-Lee Elementary,0.7979999999999999
Arlington County,Washington-Liberty High,0.29600000000000004
Washington County,Watauga Elementary,0.423
Loudoun County,Waterford Elementary,0.026000000000000002
Harrisonburg City,Waterman Elementary,0.738
Portsmouth City,Waterview Elementary,1.0
Madison County,Waverly Yowell Elementary,0.429
Loudoun County,Waxpool Elementary,0.066
Fairfax County,Waynewood Elementary,0.013999999999999999
Scott County,Weber City Elementary,0.52
Manassas City,Weems Elementary,0.7829999999999999
Prince William County,West Gate Elementary,0.89
West Point,West Point Elementary,0.36700000000000005
West Point,West Point Middle/High,0.188
Fairfax County,West Potomac High,0.423
Salem City,West Salem Elementary,0.29600000000000004
Fairfax County,West Springfield Elementary,0.09
Fairfax County,West Springfield High,0.15
Fairfax County,Westbriar Elementary,0.046
Albemarle County,Western Albemarle High,0.106
Chesapeake City,Western Branch High,0.307
Chesapeake City,Western Branch Intermediate,0.396
Chesapeake City,Western Branch Middle,0.344
Fairfax County,Westfield High,0.284
Fairfax County,Westgate Elementary,0.303
Portsmouth City,Westhaven Elementary,1.0
Fairfax County,Westlawn Elementary,0.706
Westmoreland County,Westmoreland High,0.67
Richmond City,Westover Hills Elementary,1.0
Prince William County,Westridge Elementary,0.235
Roanoke City,Westside Elementary,1.0
Isle of Wight County,Westside Elementary,0.341
Danville City,Westwood Middle,1.0
Fairfax County,Weyanoke Elementary,0.826
Fairfax County,White Oaks Elementary,0.21899999999999997
Virginia Beach City,White Oaks Elementary,0.5579999999999999
Fairfax County,Whitman Middle,0.654
Stafford County,Widewater Elementary,0.539
Rockingham County,Wilbur S. Pence Middle,0.389
Spotsylvania County,Wilderness Elementary,0.364
Norfolk City,Willard Elementary,0.961
Loudoun County,Willard Middle,0.096
Roanoke County,William Byrd High,0.28600000000000003
Roanoke County,William Byrd Middle,0.34
Campbell County,William Campbell High,0.631
Portsmouth City,William E. Waters Middle,1.0
Roanoke City,William Fleming High,1.0
Richmond City,William Fox Elementary,1.0
Norfolk City,William H. Ruffner Middle,0.9590000000000001
Madison County,William H. Wetsel Middle,0.47
Lynchburg City,William M. Bass Elementary,0.9279999999999999
Hampton City,William Mason Cooper Elementary,0.405
Greene County,William Monroe High,0.34
Greene County,William Monroe Middle,0.42100000000000004
Alexandria City,William Ramsay Elementary,0.858
Virginia Beach City,Williams Elementary,0.8440000000000001
Arlington County,Williamsburg Middle,0.04
Newport News City,Willis A. Jenkins Elementary,0.765
Floyd County,Willis Elementary,0.7090000000000001
Fairfax County,Willow Springs Elementary,0.095
Augusta County,Wilson Elementary,0.377
Augusta County,Wilson Memorial High,0.322
Augusta County,Wilson Middle,0.387
Stafford County,Winding Creek Elementary,0.242
Isle of Wight County,Windsor Elementary,0.42700000000000005
Isle of Wight County,Windsor High,0.324
Virginia Beach City,Windsor Oaks Elementary,0.565
Virginia Beach City,Windsor Woods Elementary,0.485
Franklin County,Windy Gap Elementary,0.49200000000000005
Chesterfield County,Winterpock Elementary,0.068
Wise County,Wise Primary,0.878
Fairfax County,Wolftrap Elementary,0.011000000000000001
Danville City,Woodberry Hills Elementary,1.0
Prince William County,Woodbridge High,0.435
Prince William County,Woodbridge Middle,0.525
Albemarle County,Woodbrook Elementary,0.619
Fairfax County,Woodburn Elementary,0.8270000000000001
Loudoun County,Woodgrove High,0.07400000000000001
Fairfax County,Woodlawn Elementary,0.695
Fairfax County,Woodley Hills Elementary,0.8270000000000001
Roanoke City,Woodrow Wilson Middle,1.0
Newport News City,Woodside High,0.765
Fairfax County,Woodson High,0.114
Virginia Beach City,Woodstock Elementary,0.408
Richmond City,Woodville Elementary,1.0
Chesterfield County,Woolridge Elementary,0.065
Patrick County,Woolwine Elementary,0.6940000000000001
Campbell County,Yellow Branch Elementary,0.529
York County,York High,0.201
Prince William County,Yorkshire Elementary,0.8390000000000001
York County,Yorktown Elementary,0.363
Arlington County,Yorktown High,0.11699999999999999
York County,Yorktown Middle,0.3
Culpeper County,Yowell Elementary,0.462
Scott County,Yuma Elementary,0.387
