Division Name,School Name,chronic_absenteeism_rate
Prince William County,A. Henderson Elementary,0.1081
Culpeper County,A.G. Richardson Elementary,0.2736
Chesterfield County,A.M. Davis Elementary,0.1985
Warren County,A.S. Rhodes Elementary,0.2289
Hampton City,A.W.E. Bassette Elementary,0.22940000000000002
Tazewell County,Abb's Valley-Boissevain Elementary,0.29600000000000004
Hampton City,Aberdeen Elementary,0.22579999999999997
Arlington County,Abingdon Elementary,0.1167
Washington County,Abingdon Elementary,0.1359
Gloucester County,Abingdon Elementary,0.15560000000000002
Washington County,Abingdon High,0.2528
Norfolk City,Academy for Discovery at Lakewood,0.0424
Accomack County,Accawmacke Elementary,0.1707
Newport News City,Achievable Dream Academy,0.3301
Gloucester County,Achilles Elementary,0.1348
King William County,Acquinton Elementary,0.1148
Roanoke City,Addison Aerospace Magnet Middle,0.3443
Frederick County,Admiral Richard E. Byrd Middle,0.18760000000000002
Albemarle County,Agnor-Hurt Elementary,0.2145
Virginia Beach City,Alanton Elementary,0.2047
Albemarle County,Albemarle High,0.1945
Martinsville City,Albert Harris Elementary,0.3885
Richmond City,Albert Hill Middle,0.2528
Hampton City,Albert W. Patrick III Elementary,0.1389
Chesterfield County,Alberta Smith Elementary,0.0837
Loudoun County,Aldie Elementary,0.0571
Fairfax County,Aldrin Elementary,0.13949999999999999
Alexandria City,Alexandria City High School,0.1277
Hampton City,Alfred S. Forrest Elementary,0.2286
Loudoun County,Algonkian Elementary,0.0791
Arlington County,Alice West Fleet Elementary,0.04650000000000001
Alleghany Highlands,Alleghany High,0.35810000000000003
Campbell County,Altavista Elementary,0.136
Campbell County,Altavista High,0.2446
Amelia County,Amelia County Elementary,0.2211
Amelia County,Amelia County High,0.2121
Amelia County,Amelia County Middle,0.215
Richmond City,Amelia Street Special Education,0.5517
Amherst County,Amelon Elementary,0.1931
Amherst County,Amherst County High,0.4382
Amherst County,Amherst Elementary,0.2227
Amherst County,Amherst Middle,0.2237
Stafford County,Andrew G. Wright Middle,0.1219
Salem City,Andrew Lewis Middle,0.1606
Fairfax County,Annandale High,0.2683
Fairfax County,Annandale Terrace Elementary,0.2304
Stafford County,Anne E. Moncure Elementary,0.15560000000000002
Stafford County,Anthony Burns Elementary,0.1463
Prince William County,Antietam Elementary,0.2177
Frederick County,Apple Pie Ridge Elementary,0.16829999999999998
Appomattox County,Appomattox County High,0.2529
Appomattox County,Appomattox Elementary,0.0978
Appomattox County,Appomattox Middle,0.1852
Accomack County,Arcadia High,0.2349
Fairfax County,Archer Elementary,0.0513
Loudoun County,Arcola Elementary,0.1449
Arlington County,Arlington Community High,0.6383
Arlington County,Arlington Science Focus School,0.0407
Arlington County,Arlington Traditional,0.0277
Frederick County,Armel Elementary,0.095
Fairfax County,Armstrong Elementary,0.12710000000000002
Hampton City,Armstrong Elementary,0.14550000000000002
Virginia Beach City,Arrowhead Elementary,0.1349
Staunton City,Arthur R. Ware Elementary,0.2475
Loudoun County,Ashburn Elementary,0.0911
Prince William County,Ashland Elementary,0.0983
Arlington County,Ashlawn Elementary,0.0286
Smyth County,Atkins Elementary,0.2671
Hanover County,Atlee High,0.0604
Montgomery County,Auburn Elementary,0.09380000000000001
Montgomery County,Auburn High,0.2192
Fauquier County,Auburn Middle,0.10220000000000001
Montgomery County,Auburn Middle,0.1389
Henry County,Axton Elementary,0.1261
Norfolk City,Azalea Gardens Middle,0.3506
Roanoke County,Back Creek Elementary,0.0706
Charlotte County,Bacon District Elementary,0.23079999999999998
Chesterfield County,Bailey Bridge Middle,0.1858
Fairfax County,Bailey's Upper Elementary School for the Arts and Sciences,0.183
Albemarle County,Baker-Butler Elem,0.0951
Manassas City,Baldwin Elementary,0.1589
Manassas City,Baldwin Intermediate,0.163
Loudoun County,Ball's Bluff Elementary,0.0894
Loudoun County,Banneker Elementary,0.0718
Richmond City,Barack Obama Elementary,0.0308
Arlington County,Barcroft Elementary,0.1244
Arlington County,Barrett Elementary,0.1757
Hampton City,Barron Elementary,0.1232
Frederick County,Bass-Hoover Elementary,0.1485
Henry County,Bassett High,0.2486
Bath County,Bath County High,0.1711
Spotsylvania County,Battlefield Elementary,0.1865
Spotsylvania County,Battlefield Middle,0.2637
Hanover County,Battlefield Park Elementary,0.028900000000000002
Norfolk City,Bay View Elementary,0.2527
Virginia Beach City,Bayside 6th Grade Campus,0.1564
Virginia Beach City,Bayside Elementary,0.18239999999999998
Virginia Beach City,Bayside High,0.278
Virginia Beach City,Bayside Middle,0.2444
Hanover County,Beaverdam Elementary,0.0755
Bedford County,Bedford Elementary,0.1462
Lynchburg City,Bedford Hills Elementary,0.2318
Fairfax County,Beech Tree Elementary,0.15839999999999999
Prince William County,Bel Air Elementary,0.141
Russell County,Belfast Elementary,0.1382
Greensville County,Belfield Elementary,0.35
Hanover County,Bell Creek Middle,0.1039
Radford City,Belle Heth Elementary,0.0492
Fairfax County,Belle View Elementary,0.16879999999999998
Richmond City,Bellevue Elementary,0.267
Chesterfield County,Bellwood Elementary,0.209
Prince William County,Belmont Elementary,0.2
Loudoun County,Belmont Ridge Middle,0.0674
Fairfax County,Belvedere Elementary,0.1411
Montgomery County,Belview Elementary,0.23920000000000002
Franklin County,Benjamin Franklin Middle,0.2286
Hampton City,Benjamin Syms Middle,0.2648
Prince William County,Bennett Elementary,0.1728
Chesterfield County,Bensley Elementary,0.2853
Spotsylvania County,Berkeley Elementary,0.2095
Williamsburg-James City County,Berkeley Middle,0.122
Staunton City,Bessie Weller Elementary,0.2394
Gloucester County,Bethel Elementary,0.1441
Hampton City,Bethel High,0.20809999999999998
York County,Bethel Manor Elementary,0.09
Chesterfield County,Bettie Weaver Elementary,0.0172
Chesterfield County,Beulah Elementary,0.1703
Augusta County,Beverley Manor Middle,0.2321
Bedford County,Big Island Elementary,0.1517
Richmond City,Binford Middle,0.1351
Virginia Beach City,Birdneck Elementary,0.2627
Montgomery County,Blacksburg High,0.1457
Montgomery County,Blacksburg Middle,0.1398
Nottoway County,Blackstone Primary,0.2255
Richmond City,Blackwell Elementary,0.3718
Norfolk City,Blair Middle,0.1315
Bland County,Bland County High,0.1317
Patrick County,Blue Ridge Elementary,0.1471
Loudoun County,Blue Ridge Middle,0.10460000000000001
Harrisonburg City,Bluestone Elementary,0.23929999999999998
Chesterfield County,Bon Air Elementary,0.11630000000000001
Fairfax County,Bonnie Brae Elementary,0.1151
Roanoke County,Bonsack Elementary,0.0464
Norfolk City,Booker T Washington High,0.1521
Suffolk City,Booker T. Washington Elementary,0.3379
Franklin County,Boones Mill Elementary,0.076
Bedford County,Boonsboro Elementary,0.0546
Gloucester County,Botetourt Elementary,0.12269999999999999
Caroline County,Bowling Green Elementary,0.2572
Clarke County,Boyce Elementary,0.2939
Fairfax County,Braddock Elementary,0.2691
Loudoun County,Brambleton Middle,0.0666
Virginia Beach City,Brandon Middle,0.14029999999999998
Botetourt County,Breckinridge Elementary,0.10060000000000001
Roanoke City,Breckinridge Middle,0.2743
Fairfax County,Bren Mar Park Elementary,0.18710000000000002
Prince William County,Brentsville District High,0.2413
Prince William County,Bristow Run Elementary,0.0883
Richmond City,Broad Rock Elementary,0.24719999999999998
Loudoun County,Broad Run High,0.1416
Albemarle County,Broadus Wood Elementary,0.1406
Rockingham County,Broadway High,0.33049999999999996
Spotsylvania County,Brock Road Elementary,0.2377
Stafford County,Brooke Point High,0.2236
Fairfax County,Brookfield Elementary,0.1791
Henrico County,Brookland Middle,0.2257
Campbell County,Brookneal Elementary,0.2054
Campbell County,Brookville High,0.2057
Campbell County,Brookville Middle,0.153
Virginia Beach City,Brookwood Elementary,0.21420000000000003
Albemarle County,Brownsville Elementary,0.0637
Brunswick County,Brunswick High,0.1524
York County,Bruton High,0.1753
Fairfax County,Bryant High,0.8012999999999999
Botetourt County,Buchanan Elementary,0.06709999999999999
Buckingham County,Buckingham Co Elementary,0.223
Buckingham County,Buckingham County High,0.34
Buckingham County,Buckingham County Middle,0.3036
Prince William County,Buckland Mills Elementary,0.1105
Fairfax County,Bucknell Elementary,0.2273
Augusta County,Buffalo Gap High,0.2116
Loudoun County,Buffalo Trail Elementary,0.09910000000000001
Charlottesville City,Buford Middle,0.2416
Fairfax County,Bull Run Elementary,0.1578
Prince William County,Bull Run Middle,0.18600000000000003
Roanoke County,Burlington Elementary,0.133
Charlottesville City,Burnley-Moran Elementary,0.061900000000000004
Franklin County,Burnt Chimney Elementary,0.10039999999999999
Fairfax County,Bush Hill Elementary,0.08130000000000001
Chesapeake City,Butts Road Intermediate,0.0736
Goochland County,Byrd Elementary,0.12960000000000002
Hampton City,C. Alton Lindsay Middle,0.2699
Fauquier County,C. Hunter Ritchie Elementary,0.07429999999999999
Prince William County,C.A. Sinclair Elementary,0.2078
Chesterfield County,C.C. Wells Elementary,0.15839999999999999
Prince William County,C.D. Hylton High,0.2924
Chesterfield County,C.E. Curtis Elementary,0.16690000000000002
Fauquier County,C.M. Bradley Elementary,0.1283
Alleghany Highlands,Callaghan Elementary,0.45799999999999996
Franklin County,Callaway Elementary,0.1
Fairfax County,Camelot Elementary,0.1578
Chesapeake City,Camelot Elementary,0.3184
Fairfax County,Cameron Elementary,0.2159
Norfolk City,Camp Allen Elementary,0.1727
Henry County,Campbell Court Elementary,0.0977
Arlington County,Campbell Elementary,0.0974
Fairfax County,Canterbury Woods Elementary,0.066
Southampton County,Capron Elementary,0.15
Hampton City,Captain John Smith Elementary,0.25
Arlington County,Cardinal Elementary,0.0121
Richmond City,Cardinal Elementary,0.198
Fairfax County,Cardinal Forest Elementary,0.17629999999999998
Arlington County,Carlin Springs Elementary,0.12050000000000001
Caroline County,Caroline High,0.3579
Caroline County,Caroline Middle,0.27940000000000004
Carroll County,Carroll County High,0.1383
Carroll County,Carroll County Middle,0.1481
Isle of Wight County,Carrollton Elementary,0.2119
Isle of Wight County,Carrsville Elementary,0.1454
Fairfax County,Carson Middle,0.1093
Hopewell City,Carter G. Woodson Middle,0.24739999999999998
Chesterfield County,Carver College and Career Academy,0.5622
Newport News City,Carver Elementary,0.18489999999999998
Chesterfield County,Carver Middle,0.2962
Fluvanna County,Carysbrook Elementary,0.3215
Henrico County,Cashell Donahoe Elementary,0.1862
Augusta County,Cassell Elementary,0.1516
Russell County,Castlewood Elementary,0.20620000000000002
Russell County,Castlewood High,0.3057
Loudoun County,Catoctin Elementary,0.1195
Roanoke County,Cave Spring Elementary,0.07200000000000001
Roanoke County,Cave Spring High,0.1748
Roanoke County,Cave Spring Middle,0.12390000000000001
Tazewell County,Cedar Bluff Elementary,0.272
Spotsylvania County,Cedar Forest Elementary,0.207
Loudoun County,Cedar Lane Elementary,0.1245
Fauquier County,Cedar Lee Middle,0.07400000000000001
Prince William County,Cedar Point Elementary,0.08
Chesapeake City,Cedar Road Elementary,0.11460000000000001
Virginia Beach City,Centerville Elementary,0.106
Botetourt County,Central Academy Middle,0.07429999999999999
Rockbridge County,Central Elementary,0.22940000000000002
Amherst County,Central Elementary,0.1291
Lunenburg County,Central High,0.12390000000000001
Wise County,Central High,0.268
Shenandoah County,Central High,0.3507
King and Queen County,Central High,0.2852
Charlotte County,Central Middle,0.2643
Fairfax County,Centre Ridge Elementary,0.1866
Fairfax County,Centreville Elementary,0.1308
Fairfax County,Centreville High,0.1769
Hampton City,Cesar Tarrant Middle,0.1094
Henrico County,Chamberlayne Elementary,0.2207
Spotsylvania County,Chancellor Elementary,0.1638
Spotsylvania County,Chancellor High,0.312
Spotsylvania County,Chancellor Middle,0.2839
Fairfax County,Chantilly High,0.16440000000000002
Alexandria City,Charles Barrett Elementary,0.168
Charles City County,Charles City County Elementary,0.2975
Charles City County,Charles City County High,0.47700000000000004
Prince William County,Charles J. Colgan Sr. High,0.2365
Henrico County,Charles M. Johnson Elementary,0.14980000000000002
Charlottesville City,Charlottesville High,0.25489999999999996
Mecklenburg County,Chase City Elementary,0.2556
Pittsylvania County,Chatham Elementary,0.2077
Pittsylvania County,Chatham High,0.19219999999999998
Pittsylvania County,Chatham Middle,0.19690000000000002
Floyd County,Check Elementary,0.348
Fairfax County,Cherry Run Elementary,0.0825
Fairfax County,Chesterbrook Elementary,0.052199999999999996
Norfolk City,Chesterfield Elementary,0.41600000000000004
Hanover County,Chickahominy Middle,0.0434
Smyth County,Chilhowie Elementary,0.2186
Smyth County,Chilhowie High,0.1825
Smyth County,Chilhowie Middle,0.2027
Richmond City,Chimborazo Elementary,0.33520000000000005
Accomack County,Chincoteague Elementary,0.12210000000000001
Accomack County,Chincoteague High,0.1241
Prince William County,Chris Yung Elementary,0.14300000000000002
Montgomery County,Christiansburg Elementary,0.1465
Montgomery County,Christiansburg High,0.2752
Montgomery County,Christiansburg Middle,0.2526
Virginia Beach City,Christopher Farms Elementary,0.1272
Fairfax County,Churchill Road Elementary,0.0338
Portsmouth City,Churchland Academy Elementary,0.19940000000000002
Portsmouth City,Churchland Elementary,0.1437
Portsmouth City,Churchland High,0.2134
Portsmouth City,Churchland Middle,0.3214
Portsmouth City,Churchland Primary & Intermediate,0.22089999999999999
Augusta County,Churchville Elementary,0.12369999999999999
Williamsburg-James City County,Clara Byrd Baker Elementary,0.10339999999999999
Arlington County,Claremont Immersion,0.08449999999999999
Charlottesville City,Clark Elementary,0.2634
Clarke County,Clarke County High,0.263
Mecklenburg County,Clarksville Elementary,0.2633
Fauquier County,Claude Thompson Elementary,0.1698
Halifax County,Clays Mill Elementary,0.5407
Roanoke County,Clearbrook Elementary,0.0806
Fairfax County,Clearview Elementary,0.1716
Fairfax County,Clermont Elementary,0.07429999999999999
Alleghany Highlands,Clifton Middle,0.41490000000000005
Dickenson County,Clintwood Elementary,0.3995
Chesterfield County,Clover Hill Elementary,0.1266
Chesterfield County,Clover Hill High,0.2267
Botetourt County,Cloverdale Elementary,0.0646
Halifax County,Cluster Springs Elementary,0.441
Fairfax County,Coates Elementary,0.2815
Wise County,Coeburn Middle,0.12539999999999998
Wise County,Coeburn Primary,0.1328
Hanover County,Cold Harbor Elementary,0.0785
Norfolk City,Coleman Place Elementary,0.20550000000000002
Prince William County,Coles Elementary,0.1165
Virginia Beach City,College Park Elementary,0.1963
Suffolk City,Colonel Fred Cherry Middle,0.1643
Colonial Beach,Colonial Beach Elementary,0.1261
Colonial Beach,Colonial Beach High,0.1472
Botetourt County,Colonial Elementary,0.0653
Stafford County,Colonial Forge High,0.1841
Colonial Heights City,Colonial Heights High,0.07780000000000001
Colonial Heights City,Colonial Heights Middle,0.2373
Henrico County,Colonial Trail Elementary,0.0767
Fairfax County,Columbia Elementary,0.1304
Fairfax County,Colvin Run Elementary,0.038
Albemarle County,Community Lab School,0.08990000000000001
Campbell County,Concord Elementary,0.08220000000000001
Stafford County,Conway Elementary,0.15710000000000002
Hanover County,Cool Spring Elementary,0.0296
Petersburg City,Cool Spring Elementary,0.3071
Loudoun County,Cool Spring Elementary,0.15289999999999998
Fairfax County,Cooper Middle,0.08109999999999999
Westmoreland County,Cople Elementary,0.1367
Alexandria City,Cora Kelly School for Math Science and Technology,0.24710000000000001
Virginia Beach City,Corporate Landing Elementary,0.1602
Virginia Beach City,Corporate Landing Middle,0.22899999999999998
Chesterfield County,Cosby High,0.09970000000000001
Buchanan County,Council Elementary/Middle,0.3558
Loudoun County,Countryside Elementary,0.1793
Spotsylvania County,Courthouse Road Elementary,0.2102
Spotsylvania County,Courtland Elementary,0.1809
Spotsylvania County,Courtland High,0.31629999999999997
York County,Coventry Elementary,0.114
Alleghany Highlands,Covington High,0.3909
Prince William County,Covington-Harper Elementary,0.13390000000000002
Portsmouth City,Cradock Elementary,0.3386
Portsmouth City,Cradock Middle,0.2882
Craig County,Craig County High,0.3605
Augusta County,Craigsville Elementary,0.1475
Virginia Beach City,Creeds Elementary,0.0924
Suffolk City,Creekside Elementary,0.1654
Loudoun County,Creighton's Corner Elementary,0.147
Henrico County,Crestview Elementary,0.1161
Fairfax County,Crestwood Elementary,0.2072
Chesterfield County,Crestwood Elementary,0.1489
Chesapeake City,Crestwood Intermediate,0.2107
Chesapeake City,Crestwood Middle,0.1705
Nottoway County,Crewe Primary,0.25
Newport News City,Crittenden Middle,0.1902
Pulaski County,Critzer Elementary,0.2157
Fairfax County,Crossfield Elementary,0.1051
Norfolk City,Crossroads PreK-8 School,0.17739999999999997
Albemarle County,Crozet Elementary,0.0967
Roanoke City,Crystal Spring Elementary,0.102
Fairfax County,Cub Run Elementary,0.15
Rockingham County,Cub Run Elementary,0.2488
Culpeper County,Culpeper County High,0.4042
Culpeper County,Culpeper Middle,0.306
Cumberland County,Cumberland Elementary,0.4682
Cumberland County,Cumberland High,0.2812
Cumberland County,Cumberland Middle,0.2521
Fairfax County,Cunningham Park Elementary,0.12210000000000001
Clarke County,D.G. Cooley Elementary,0.1778
Williamsburg-James City County,D.J. Montague Elementary,0.1198
Prince William County,Dale City Elementary,0.2306
Washington County,Damascus Middle,0.2515
Pittsylvania County,Dan River High,0.2638
Pittsylvania County,Dan River Middle,0.1332
Winchester City,Daniel Morgan Intermediate,0.2555
Winchester City,Daniel Morgan Middle,0.20190000000000002
Fairfax County,Daniels Run Elementary,0.1675
York County,Dare Elementary,0.0947
Newport News City,David A. Dutrow Elementary,0.1711
Prince George County,David A. Harrison Elementary,0.33049999999999996
Chesapeake City,Deep Creek Central Elementary,0.1751
Chesapeake City,Deep Creek Elementary,0.252
Chesapeake City,Deep Creek High,0.2016
Chesapeake City,Deep Creek Middle,0.16940000000000002
Henrico County,Deep Run High,0.08960000000000001
Fairfax County,Deer Park Elementary,0.12140000000000001
Newport News City,Deer Park Elementary,0.049800000000000004
Newport News City,Denbigh High,0.278
Dinwiddie County,Dinwiddie County High,0.3685
Dinwiddie County,Dinwiddie County Middle,0.3073
Dinwiddie County,Dinwiddie Elementary,0.2194
Arlington County,Discovery Elementary,0.0292
Loudoun County,Discovery Elementary,0.11689999999999999
Newport News City,Discovery STEM Academy,0.2942
Fairfax County,Dogwood Elementary,0.2893
Loudoun County,Dominion High,0.21600000000000003
Loudoun County,Dominion Trail Elementary,0.1411
Stafford County,Donald B. Dixon-Lyle R. Smith Middle,0.145
Arlington County,Dorothy Hamm Middle,0.0453
Alexandria City,Douglas MacArthur Elementary,0.1612
Henrico County,Douglas S. Freeman High,0.20370000000000002
Portsmouth City,Douglass Park Elementary,0.3588
Arlington County,Dr. Charles R. Drew Elementary,0.2365
Fairfax County,Dranesville Elementary,0.16870000000000002
Henry County,Drewry Mason Elementary,0.16920000000000002
Lee County,Dryden Elementary,0.3084
Pulaski County,Dublin Elementary,0.1447
Franklin County,Dudley Elementary,0.1759
Scott County,Duffield-Pattonsville Primary,0.11019999999999999
Henrico County,Dumbarton Elementary,0.29719999999999996
Prince William County,Dumfries Elementary,0.2651
Scott County,Dungannon Elementary School,0.2143
Hopewell City,Dupont Elementary,0.5813
Warren County,E. Wilson Morrison Elementary,0.3086
Washington County,E.B. Stanley Middle,0.2375
Prince William County,E.H. Marsteller Middle,0.1275
Loudoun County,Eagle Ridge Middle,0.0683
Botetourt County,Eagle Rock Elementary,0.1284
Fairfax County,Eagle View Elementary,0.1892
Rockingham County,East Rockingham High,0.418
Salem City,East Salem Elementary,0.19260000000000002
Montgomery County,Eastern Montgomery Elementary,0.1818
Montgomery County,Eastern Montgomery High,0.2826
Culpeper County,Eastern View High,0.4302
Wise County,Eastside High,0.3056
Henrico County,Echo Lake Elementary,0.10710000000000001
Chesterfield County,Ecoff Elementary,0.1827
Fairfax County,Edison High,0.1612
Stafford County,Edward E. Drew Jr. Middle,0.1344
Augusta County,Edward G. Clymore Elementary,0.125
Greensville County,Edward W. Wyatt Middle,0.21539999999999998
Danville City,Edwin A. Gibson Elementary,0.2768
Chesapeake City,Edwin W. Chittum Elementary,0.1058
Suffolk City,Elephant's Fork Elementary,0.2753
Richmond City,Elizabeth D. Redd Elementary,0.24480000000000002
Chesterfield County,Elizabeth Davis Middle,0.226
Henrico County,Elizabeth Holladay Elementary,0.209
Chesterfield County,Elizabeth Scott Elementary,0.11460000000000001
Prince William County,Elizabeth Vaughan Elementary,0.25670000000000004
Lee County,Elk Knob Elementary,0.29760000000000003
Henrico County,Elko Middle,0.27190000000000003
Rockingham County,Elkton Elementary,0.0664
Rockingham County,Elkton Middle,0.2987
Hanover County,Elmont Elementary,0.1048
Amherst County,Elon Elementary,0.092
Lee County,Elydale Middle,0.1399
Culpeper County,Emerald Hill Elementary,0.301
Loudoun County,Emerick Elementary,0.054900000000000004
Buena Vista City,Enderly Heights Elementary,0.2011
Chesterfield County,Enon Elementary,0.1444
Prince William County,Enterprise Elementary,0.168
Dickenson County,Ervinton Elementary,0.42979999999999996
Arlington County,Escuela Key Elementary,0.0441
Essex County,Essex High,0.36329999999999996
Newport News City,Ethel M. Gildersleeve Middle,0.1744
Chesterfield County,Ettrick Elementary,0.2296
Charlotte County,Eureka Elementary,0.1746
Frederick County,Evendale Elementary,0.1602
Chesterfield County,Evergreen Elementary,0.09939999999999999
Loudoun County,Evergreen Mill Elementary,0.1109
Henrico County,Fair Oaks Elementary,0.3421
Fairfax County,Fairfax High,0.15710000000000002
Fairfax County,Fairfax Villa Elementary,0.1042
Richmond City,Fairfield Court Elementary,0.44789999999999996
Virginia Beach City,Fairfield Elementary,0.1268
Rockbridge County,Fairfield Elementary,0.162
Henrico County,Fairfield Middle,0.3043
Fairfax County,Fairhill Elementary,0.1185
Fairfax County,Fairview Elementary,0.11109999999999999
Roanoke City,Fairview Elementary,0.21600000000000003
Grayson County,Fairview Elementary,0.061200000000000004
Montgomery County,Falling Branch Elementary,0.16570000000000001
Chesterfield County,Falling Creek Elementary,0.218
Chesterfield County,Falling Creek Middle,0.3235
Roanoke City,Fallon Park Elementary,0.2057
Fairfax County,Falls Church High,0.2298
Stafford County,Falmouth Elementary,0.2248
Carroll County,Fancy Gap Elementary,0.1484
Prince William County,Fannie W. Fitzgerald Elementary,0.15380000000000002
Culpeper County,Farmington Elementary,0.2778
Loudoun County,Farmwell Station Middle,0.1253
Fauquier County,Fauquier High,0.198
Prince William County,Featherstone Elementary,0.2685
Alexandria City,Ferdinand T. Day Elementary,0.2688
Franklin County,Ferrum Elementary,0.1376
Stafford County,Ferry Farm Elementary,0.1368
Virginia Beach City,First Colonial High,0.3002
Roanoke City,Fishburn Park Elementary,0.1435
Powhatan County,Flat Rock Elementary,0.0741
Lee County,Flatwoods Elementary,0.25379999999999997
Fairfax County,Flint Hill Elementary,0.09119999999999999
Suffolk City,Florence Bowser Elementary,0.2003
Fairfax County,Floris Elementary,0.1038
Floyd County,Floyd County High,0.2463
Floyd County,Floyd Elementary,0.34840000000000004
Virginia Beach City,Floyd Kellam High,0.1523
Culpeper County,Floyd T. Binns Middle,0.36
Fluvanna County,Fluvanna County High,0.4986
Fluvanna County,Fluvanna Middle,0.3166
Fairfax County,Forest Edge Elementary,0.1305
Bedford County,Forest Elementary,0.0833
Suffolk City,Forest Glen Middle,0.292
Loudoun County,Forest Grove Elementary,0.1026
Danville City,Forest Hills Elementary,0.0727
Bedford County,Forest Middle,0.0761
Prince William County,Forest Park High,0.2327
Fairfax County,Forestdale Elementary,0.2751
Fairfax County,Forestville Elementary,0.0452
Fairfax County,Fort Belvoir Upper Elementary,0.1523
Scott County,Fort Blackmore Primary,0.3667
Wythe County,Fort Chiswell High,0.4282
Wythe County,Fort Chiswell Middle,0.3258
Augusta County,Fort Defiance High,0.1618
Fairfax County,Fort Hunt Elementary,0.11699999999999999
Roanoke County,Fort Lewis Elementary,0.08259999999999999
Fairfax County,Fox Mill Elementary,0.0809
Loudoun County,Frances Hazel Reid Elementary,0.10800000000000001
Hampton City,Francis Asbury Elementary,0.2162
Alexandria City,Francis C. Hammond Middle,0.0971
Hampton City,Francis W. Jones Magnet Middle,0.1266
Fairfax County,Franconia Elementary,0.1439
Virginia Beach City,Frank W. Cox High,0.2607
Franklin County,Franklin County High,0.1856
Franklin City,Franklin High,0.4407
Fairfax County,Franklin Middle,0.1188
Richmond City,Franklin Military Academy,0.1161
Prince William County,Fred M. Lynn Middle,0.24760000000000001
Frederick County,Frederick County Middle,0.1928
Loudoun County,Frederick Douglass Elementary,0.1514
Winchester City,Frederick Douglass Elementary,0.2
Fairfax County,Freedom Hill Elementary,0.1646
Spotsylvania County,Freedom Middle,0.1791
Grayson County,Fries Elementary,0.2361
Fairfax County,Frost Middle,0.0819
Rockingham County,Fulks Run Elementary,0.2893
Chesapeake City,G.A. Treakle Elementary,0.2824
Richmond City,G.H. Reid Elementary,0.23739999999999997
Danville City,G.L.H. Johnson Elementary,0.1984
Salem City,G.W. Carver Elementary,0.2095
Frederick County,Gainesboro Elementary,0.1955
Prince William County,Gainesville High,0.1813
Prince William County,Gainesville Middle,0.0774
Galax City,Galax Elementary,0.1589
Galax City,Galax High,0.23420000000000002
Galax City,Galax Middle,0.1374
Danville City,Galileo Magnet High,0.0653
Prince William County,Gar-Field High,0.42
Roanoke City,Garden City Elementary,0.1653
Fairfax County,Garfield Elementary,0.17059999999999997
Winchester City,Garland R. Quarles Elementary,0.21539999999999998
Stafford County,Garrisonville Elementary,0.1199
Scott County,Gate City High,0.259
Scott County,Gate City Middle,0.20629999999999998
Henrico County,Gayton Elementary,0.044199999999999996
Newport News City,General Stanford Elementary,0.1166
Manassas City,George Carr Round Elementary,0.0946
Henrico County,George F. Baker Elementary,0.17809999999999998
Prince William County,George G. Tyler Elementary,0.0953
Henrico County,George H. Moody Middle,0.1329
Prince William County,George M. Hampton Middle,0.2484
Alexandria City,George Mason Elementary,0.15380000000000002
Prince William County,George P. Mullen Elementary,0.2585
Hampton City,George P. Phenix Elementary,0.1026
Richmond City,George W. Carver Elementary,0.516
Chesapeake City,George W. Carver Intermediate,0.2198
New Kent County,George W. Watkins Elementary,0.2351
Danville City,George Washington High,0.41009999999999996
Alexandria City,George Washington Middle,0.0907
Wythe County,George Wythe High,0.32409999999999994
Richmond City,George Wythe High,0.34259999999999996
Chesapeake City,Georgetown Primary,0.392
Isle of Wight County,Georgie D. Tyler Middle,0.44920000000000004
Norfolk City,Ghent K-8,0.1032
Montgomery County,Gilbert Linkous Elementary,0.0594
Giles County,Giles High,0.1801
Richmond City,Ginter Park Elementary,0.1788
Franklin County,Glade Hill Elementary,0.2591
Washington County,Glade Spring Middle,0.18280000000000002
Carroll County,Gladesboro Elementary,0.1124
Carroll County,Gladeville Elementary,0.1281
Fairfax County,Glasgow Middle,0.1884
Arlington County,Glebe Elementary,0.0435
Henrico County,Glen Allen Elementary,0.0949
Henrico County,Glen Allen High,0.1517
Roanoke County,Glen Cove Elementary,0.1094
Fairfax County,Glen Forest Elementary,0.22760000000000002
Henrico County,Glen Lea Elementary,0.37770000000000004
Prince William County,Glenkirk Elementary,0.0943
Roanoke County,Glenvar Elementary,0.0818
Roanoke County,Glenvar High,0.15810000000000002
Roanoke County,Glenvar Middle,0.11710000000000001
Virginia Beach City,Glenwood Elementary,0.12689999999999999
Gloucester County,Gloucester High,0.16219999999999998
Goochland County,Goochland Elementary,0.12269999999999999
Goochland County,Goochland High,0.1485
Goochland County,Goochland Middle,0.1137
Bedford County,Goodview Elementary,0.1754
Orange County,Gordon-Barbour Elementary,0.3191
Loudoun County,Goshen Post Elementary,0.1297
Fauquier County,Grace Miller Elementary,0.16940000000000002
York County,Grafton Bethel Elementary,0.0968
York County,Grafton High,0.1393
York County,Grafton Middle,0.1321
Stafford County,Grafton Village Elementary,0.14029999999999998
Tazewell County,Graham High,0.2927
Tazewell County,Graham Intermediate,0.20850000000000002
Tazewell County,Graham Middle,0.2843
Prince William County,Graham Park Middle,0.2148
Fairfax County,Graham Road Elementary,0.2465
Norfolk City,Granby Elementary,0.2556
Norfolk City,Granby High,0.2577
Roanoke City,Grandin Court Elementary,0.0883
Chesterfield County,Grange Hall Elementary,0.07730000000000001
Chesapeake City,Grassfield Elementary,0.1463
Chesapeake City,Grassfield High,0.0783
Grayson County,Grayson County High,0.16820000000000002
Grayson County,Grayson Highlands,0.08259999999999999
Chesapeake City,Great Bridge High,0.1335
Chesapeake City,Great Bridge Intermediate,0.1079
Chesapeake City,Great Bridge Middle,0.1517
Fairfax County,Great Falls Elementary,0.0974
Virginia Beach City,Great Neck Middle,0.1795
Virginia Beach City,Green Run Collegiate,0.3056
Virginia Beach City,Green Run Elementary,0.2027
Virginia Beach City,Green Run High,0.26239999999999997
Roanoke County,Green Valley Elementary,0.07139999999999999
Fairfax County,Greenbriar East Elementary,0.1197
Fairfax County,Greenbriar West Elementary,0.08650000000000001
Charlottesville City,Greenbrier Elementary,0.0492
Chesapeake City,Greenbrier Intermediate,0.17559999999999998
Chesapeake City,Greenbrier Middle,0.2432
Washington County,Greendale Elementary,0.1654
Botetourt County,Greenfield Elementary,0.0434
Chesterfield County,Greenfield Elementary,0.0653
Greensville County,Greensville County High,0.2615
Greensville County,Greensville Elementary,0.332
Fauquier County,Greenville Elementary,0.099
Frederick County,Greenwood Mill Elementary,0.16949999999999998
Pittsylvania County,Gretna Elementary,0.1887
Pittsylvania County,Gretna High,0.3063
Pittsylvania County,Gretna Middle,0.3258
Fairfax County,Groveton Elementary,0.245
Buchanan County,Grundy High,0.42369999999999997
Loudoun County,Guilford Elementary,0.18530000000000002
Fairfax County,Gunston Elementary,0.16670000000000001
Arlington County,Gunston Middle,0.08310000000000001
Augusta County,Guy K. Stump Elementary,0.10460000000000001
Stafford County,H.H. Poole Middle,0.1318
Fauquier County,H.M. Pearson Elementary,0.1689
Halifax County,Halifax County High,0.45740000000000003
Halifax County,Halifax County Middle,0.3768
Fairfax County,Halley Elementary,0.2192
Loudoun County,Hamilton Elementary,0.1043
King William County,Hamilton Holmes Middle,0.062400000000000004
Hampton City,Hampton High,0.2571
Stafford County,Hampton Oaks Elementary,0.1663
Hanover County,Hanover High,0.0867
Patrick County,Hardin Reynolds Memorial School,0.0833
Montgomery County,Harding Avenue Elementary,0.0432
Isle of Wight County,Hardy Elementary,0.2843
Loudoun County,Harmony Middle,0.11789999999999999
Henrico County,Harold Macon Ratcliffe Elementary,0.31739999999999996
Loudoun County,Harper Park Middle,0.1159
Lexington City,Harrington Waddell Elementary,0.0642
Spotsylvania County,Harrison Road Elementary,0.2157
Harrisonburg City,Harrisonburg High,0.3539
Chesterfield County,Harrowgate Elementary,0.1957
Hopewell City,Harry E. James Elementary,0.4122
Stafford County,Hartwood Elementary,0.1613
Henrico County,Harvie Elementary,0.2402
Fairfax County,Haycock Elementary,0.031
Fairfax County,Hayfield Elementary,0.09230000000000001
Fairfax County,Hayfield Secondary,0.17129999999999998
Prince William County,Haymarket Elementary,0.081
Richmond City,Henderson Middle,0.2368
Henrico County,Henrico High,0.3121
Henrico County,Henry D. Ward Elementary,0.2298
Franklin County,Henry Elementary,0.0748
Richmond City,Henry Marsh III Elementary,0.5487
Prince William County,Herbert J. Saunders Middle,0.1164
Lynchburg City,Heritage Elementary,0.2695
Newport News City,Heritage High,0.5275
Loudoun County,Heritage High,0.19390000000000002
Lynchburg City,Heritage High,0.35609999999999997
Roanoke County,Herman L. Horn Elementary,0.1108
Virginia Beach City,Hermitage Elementary,0.1766
Henrico County,Hermitage High,0.2978
Fairfax County,Herndon Elementary,0.24489999999999998
Fairfax County,Herndon High,0.2126
Fairfax County,Herndon Middle,0.2565
Chesapeake City,Hickory Elementary,0.1512
Chesapeake City,Hickory High,0.0572
Chesapeake City,Hickory Middle,0.17190000000000003
Roanoke County,Hidden Valley High,0.19440000000000002
Roanoke County,Hidden Valley Middle,0.1014
Newport News City,Hidenwood Elementary,0.203
Washington County,High Point Elementary,0.1161
Highland County,Highland Elementary,0.2
Highland County,Highland High,0.3118
Roanoke City,Highland Park Elementary,0.1225
Henrico County,Highland Springs Elementary,0.3414
Henrico County,Highland Springs High,0.3861
Bristol City,Highland View Elementary,0.45299999999999996
Warren County,Hilda J. Barbour Elementary,0.1775
Suffolk City,Hillpoint Elementary,0.2585
Loudoun County,Hillsboro Charter Academy,0.09029999999999999
Loudoun County,Hillside Elementary,0.09910000000000001
Carroll County,Hillsville Elementary,0.1294
Newport News City,Hilton Elementary,0.1405
Scott County,Hilton Elementary,0.0248
Portsmouth City,Hodges Manor Elementary,0.28190000000000004
Arlington County,Hoffman-Boston Elementary,0.098
Virginia Beach City,Holland Elementary,0.22510000000000002
Fairfax County,Hollin Meadows Elementary,0.21309999999999998
Albemarle County,Hollymead Elementary,0.09759999999999999
Fairfax County,Holmes Middle,0.2167
Washington County,Holston High,0.3178
Newport News City,Homer L. Hines Middle,0.45880000000000004
Russell County,Honaker Elementary,0.2731
Russell County,Honaker High,0.33409999999999995
Shenandoah County,Honey Run Elementary,0.3675
Hopewell City,Hopewell High,0.30010000000000003
Chesterfield County,Hopkins Road Elementary,0.1559
Loudoun County,Horizon Elementary,0.0917
Loudoun County,Hovatter Elementary,0.077
Bedford County,Huddleston Elementary,0.1773
Fredericksburg City,Hugh Mercer Elementary,0.4499
Fairfax County,Hughes Middle,0.183
Chesapeake City,Hugo A. Owens Middle,0.2167
Richmond City,Huguenot High,0.3098
Fairfax County,Hunt Valley Elementary,0.0814
Hampton City,Hunter B. Andrews,0.2357
Fairfax County,Hunters Woods Elementary School for the Arts and Sciences,0.09050000000000001
Newport News City,Huntington Middle,0.6259
Buchanan County,Hurley Elementary/Middle,0.3602
Buchanan County,Hurley High,0.204
Roanoke City,Hurt Park Elementary,0.3925
Fairfax County,Hutchison Elementary,0.2057
Loudoun County,Hutchison Farm Elementary,0.1116
Fairfax County,Hybla Valley Elementary,0.2974
Portsmouth City,I.C. Norcom High,0.433
Grayson County,Independence Elementary,0.1161
Loudoun County,Independence High,0.1325
Grayson County,Independence Middle,0.18289999999999998
Virginia Beach City,Independence Middle,0.159
Frederick County,Indian Hollow Elementary,0.21960000000000002
Virginia Beach City,Indian Lakes Elementary,0.10220000000000001
Chesapeake City,Indian River High,0.1898
Chesapeake City,Indian River Middle,0.24530000000000002
Floyd County,Indian Valley Elementary,0.2857
Norfolk City,Ingleside Elementary,0.253
Fairfax County,Irving Middle,0.1128
Fairfax County,Island Creek Elementary,0.07440000000000001
Williamsburg-James City County,J. Blaine Blayton Elementary,0.1413
Rockingham County,J. Frank Hillyard Middle,0.28350000000000003
Loudoun County,J. Lupton Simpson Middle,0.13470000000000001
Loudoun County,J. Michael Lunsford Middle,0.0885
Chesterfield County,J.A. Chalkley Elementary,0.2225
Richmond City,J.B. Fisher Elementary,0.1935
Chesterfield County,J.B. Watkins Elementary,0.09029999999999999
Chesterfield County,J.G. Hening Elementary,0.1597
Richmond City,J.L. Francis Elementary,0.2638
Wise County,J.W. Adams Combined,0.0911
Prince William County,J.W. Alvey Elementary,0.0867
Henrico County,Jackson Davis Elementary,0.049400000000000006
Wythe County,Jackson Memorial Elementary,0.2887
Fairfax County,Jackson Middle,0.15
Albemarle County,Jackson P. Burley Middle,0.10679999999999999
Charlottesville City,Jackson-Via Elementary,0.1789
Henrico County,Jacob L. Adams Elementary,0.3528
Chesterfield County,Jacobs Road Elementary,0.1881
Norfolk City,Jacox Elementary,0.44789999999999996
Williamsburg-James City County,James Blair Middle,0.1439
Fauquier County,James G. Brumfield Elementary,0.1389
Alexandria City,James K. Polk Elementary,0.17739999999999997
Roanoke City,James Madison Middle,0.2576
Norfolk City,James Monroe Elementary,0.1226
Fredericksburg City,James Monroe High,0.24
Williamsburg-James City County,James River Elementary,0.0949
Botetourt County,James River High,0.0889
Chesterfield County,James River High,0.22719999999999999
Brunswick County,James S. Russell Middle,0.4012
Frederick County,James Wood High,0.23920000000000002
Frederick County,James Wood Middle,0.2368
Arlington County,Jamestown Elementary,0.011000000000000001
Williamsburg-James City County,Jamestown High,0.2066
Hampton City,Jane H. Bryan Elementary,0.2159
Bedford County,Jefferson Forest High,0.1148
Arlington County,Jefferson Middle,0.0603
Alexandria City,Jefferson-Houston PK-8 School,0.2351
Manassas City,Jennie Dean Elementary,0.193
Alleghany Highlands,Jeter-Watson Elementary,0.5017
Alexandria City,John Adams Elementary,0.2761
Richmond City,John B. Cary Elementary,0.0986
Virginia Beach City,John B. Dey Elementary,0.1116
Rockingham County,John C. Myers Elementary,0.2159
Loudoun County,John Champe High,0.1598
Prince William County,John D. Jenkins Elementary,0.16670000000000001
Suffolk City,John F. Kennedy Middle,0.3002
Prince William County,John F. Pattie Sr. Elementary,0.1371
Winchester City,John Handley High,0.38670000000000004
Winchester City,John Kerr Elementary,0.2004
Pittsylvania County,John L. Hurt Elementary,0.1981
Hanover County,John M. Gandy Elementary,0.1067
Richmond City,John Marshall High,0.23809999999999998
Radford City,John N. Dalton Intermediate,0.11220000000000001
Roanoke City,John P. Fishwick Middle,0.2257
Henrico County,John Randolph Tucker High,0.2791
Henrico County,John Rolfe Middle,0.3119
Washington County,John S. Battle High,0.2671
Rockingham County,John W. Wayland Elementary,0.19640000000000002
Suffolk City,John Yeates Middle,0.11109999999999999
Charlottesville City,Johnson Elementary,0.1151
Fairfax County,Johnson Middle,0.1598
Clarke County,Johnson-Williams Middle,0.23870000000000002
Chesapeake City,Jolliff Middle,0.20800000000000002
Lee County,Jonesville Middle,0.24170000000000003
Frederick County,Jordan Springs Elementary,0.1956
Newport News City,Joseph H. Saunders Elementary,0.3479
Franklin City,Joseph P. King Jr. Middle,0.5108
Albemarle County,Joseph T. Henley Middle,0.09820000000000001
Bristol City,Joseph Van Pelt Elementary,0.29309999999999997
Louisa County,Jouett Elementary,0.0554
Albemarle County,Journey Middle,0.1174
Fairfax County,Justice High,0.2094
Stafford County,Kate Waller Barrett Elementary,0.152
Newport News City,Katherine Johnson Elementary,0.2984
Hampton City,Kecoughtan High,0.2253
Fairfax County,Keene Mill Elementary,0.0704
Accomack County,Kegotank Elementary,0.1674
Harrisonburg City,Keister Elementary,0.1941
Virginia Beach City,Kempsville Elementary,0.1739
Virginia Beach City,Kempsville High,0.2859
Virginia Beach City,Kempsville Meadows Elementary,0.17010000000000003
Virginia Beach City,Kempsville Middle,0.2296
Lunenburg County,Kenbridge Elementary,0.1358
Arlington County,Kenmore Middle,0.09759999999999999
Loudoun County,Kenneth W.Culbert Elementary,0.0833
Fairfax County,Kent Gardens Elementary,0.0604
Pittsylvania County,Kentuck Elementary,0.1585
Prince William County,Kerrydale Elementary,0.0951
Hanover County,Kersey Creek Elementary,0.026699999999999998
Fauquier County,Kettle Run High,0.122
Fairfax County,Key Center,0.4828
Fairfax County,Key Middle,0.25730000000000003
Suffolk City,Kilby Shores Elementary,0.2546
Fairfax County,Kilmer Center,0.39289999999999997
Fairfax County,Kilmer Middle,0.0852
Newport News City,Kiln Creek Elementary,0.3414
King and Queen County,King & Queen Elementary,0.1466
King George County,King George Elementary,0.2165
King George County,King George High,0.2193
King George County,King George Middle,0.2366
King William County,King William High,0.2849
Suffolk City,King's Fork High,0.3843
Suffolk City,King's Fork Middle,0.307
Virginia Beach City,King's Grant Elementary,0.23329999999999998
Fairfax County,Kings Glen Elementary,0.0759
Fairfax County,Kings Park Elementary,0.1032
Virginia Beach City,Kingston Elementary,0.1294
Montgomery County,Kipps Elementary,0.0726
Northampton County,Kiptopeke Elementary,0.2588
Prince William County,Kyle R. Wilson Elementary,0.1606
Henrico County,L. Douglas Wilder Middle,0.2562
Wise County,L.F. Addington Middle,0.1469
Prince George County,L.L. Beazley Elementary,0.2555
Henrico County,Laburnum Elementary,0.314
Rockingham County,Lacey Spring Elementary,0.125
Fredericksburg City,Lafayette Elementary,0.3614
Williamsburg-James City County,Lafayette High,0.2389
Fairfax County,Lake Anne Elementary,0.159
Fairfax County,Lake Braddock Secondary,0.09539999999999998
Prince William County,Lake Ridge Elementary,0.1646
Prince William County,Lake Ridge Middle,0.1506
Norfolk City,Lake Taylor,0.2826
Suffolk City,Lakeland High,0.47100000000000003
Petersburg City,Lakemont Elementary,0.3362
Henrico County,Lakeside Elementary,0.1387
Albemarle County,Lakeside Middle,0.1231
Portsmouth City,Lakeview Elementary,0.1866
Colonial Heights City,Lakeview Elementary,0.3109
Lancaster County,Lancaster High,0.27699999999999997
Lancaster County,Lancaster Middle,0.3132
Lancaster County,Lancaster Primary,0.18989999999999999
Virginia Beach City,Landstown Elementary,0.1764
Virginia Beach City,Landstown High,0.1722
Virginia Beach City,Landstown Middle,0.16010000000000002
Fairfax County,Lane Elementary,0.10060000000000001
Fairfax County,Langley High,0.0906
Norfolk City,Larchmont Elementary,0.1396
Virginia Beach City,Larkspur Middle,0.2518
Norfolk City,Larrymore Elementary,0.2164
Carroll County,Laurel Elementary,0.16920000000000002
Fairfax County,Laurel Hill Elementary,0.1266
Williamsburg-James City County,Laurel Lane Elementary,0.1533
Hanover County,Laurel Meadow Elementary,0.057699999999999994
Fairfax County,Laurel Ridge Elementary,0.0719
King and Queen County,Lawson-Marriott Elementary,0.121
Russell County,Lebanon Elementary,0.2394
Russell County,Lebanon High,0.25780000000000003
Russell County,Lebanon Middle,0.3062
Lee County,Lee High,0.3997
Spotsylvania County,Lee Hill Elementary,0.20379999999999998
Franklin County,Lee M. Waid Elementary,0.1883
Fairfax County,Lees Corner Elementary,0.0929
Loudoun County,Leesburg Elementary,0.1502
Campbell County,Leesville Road Elementary,0.10439999999999999
Prince William County,Leesylvania Elementary,0.24359999999999998
Fairfax County,Lemon Road Elementary,0.1
Warren County,Leslie Fox Keyser Elementary,0.2761
Albemarle County,Leslie H. Walton Middle,0.2291
Fairfax County,Lewis High,0.249
Caroline County,Lewis and Clark Elementary,0.18600000000000003
Loudoun County,Liberty Elementary,0.09269999999999999
Fauquier County,Liberty High,0.2433
Bedford County,Liberty High,0.2752
Hanover County,Liberty Middle,0.1191
Fairfax County,Liberty Middle,0.16469999999999999
Bedford County,Liberty Middle,0.14730000000000001
Orange County,Lightfoot Elementary,0.35100000000000003
Loudoun County,Lightridge High,0.0941
Loudoun County,Lincoln Elementary,0.025
Roanoke City,Lincoln Terrace Elementary,0.2422
Norfolk City,Lindenwood Elementary,0.2814
Virginia Beach City,Linkhorn Park Elementary,0.19149999999999998
Lynchburg City,Linkhorne Elementary,0.3325
Lynchburg City,Linkhorne Middle,0.2898
Rockingham County,Linville-Edom Elementary,0.1477
Richmond City,Linwood Holton Elementary,0.0986
Norfolk City,Little Creek Elementary,0.2735
Loudoun County,Little River Elementary,0.0392
Fairfax County,Little Run Elementary,0.1043
Spotsylvania County,Livingston Elementary,0.21350000000000002
Chesterfield County,Lloyd C. Bird High,0.3119
Prince William County,Loch Lomond Elementary,0.1937
Orange County,Locust Grove Elementary,0.19820000000000002
Orange County,Locust Grove Middle,0.3383
Williamsburg-James City County,Lois Hornsby Middle,0.1128
Fairfax County,London Towne Elementary,0.2167
Arlington County,Long Branch Elementary,0.0816
Henrico County,Longdale Elementary,0.2735
Fairfax County,Longfellow Middle,0.07719999999999999
Botetourt County,Lord Botetourt High,0.1002
Fairfax County,Lorton Station Elementary,0.214
Loudoun County,Loudoun County High,0.2429
Loudoun County,Loudoun Valley High,0.1906
Louisa County,Louisa County High,0.10490000000000001
Louisa County,Louisa County Middle,0.13449999999999998
Prince William County,Louise A. Benton Middle,0.1217
Loudoun County,Lovettsville Elementary,0.10529999999999999
Loudoun County,Lowes Island Elementary,0.0805
Richmond City,Lucille M. Brown Middle,0.2401
Loudoun County,Lucketts Elementary,0.1474
Lunenburg County,Lunenburg Middle,0.1893
Page County,Luray Elementary,0.29359999999999997
Page County,Luray High,0.3068
Page County,Luray Middle,0.3372
Surry County,Luther P. Jackson Middle,0.20440000000000003
Virginia Beach City,Luxford Elementary,0.1208
Lexington City,Lylburn Downing Middle,0.0748
Alexandria City,Lyles-Crouch Elementary,0.0812
Fairfax County,Lynbrook Elementary,0.2249
Virginia Beach City,Lynnhaven Elementary,0.2138
Virginia Beach City,Lynnhaven Middle,0.3072
Suffolk City,Mack Benn Jr. Elementary,0.21100000000000002
Giles County,Macy Mcclaugherty Elementary/Middle,0.1414
Madison County,Madison County High,0.24230000000000002
Caroline County,Madison Elementary,0.2446
Amherst County,Madison Heights Elementary,0.2369
Fairfax County,Madison High,0.1483
Loudoun County,Madison's Trust Elementary,0.09609999999999999
Henry County,Magna Vista High,0.2652
York County,Magruder Elementary,0.1215
Virginia Beach City,Malibu Elementary,0.1433
Manassas Park City,Manassas Park Elementary,0.18469999999999998
Manassas Park City,Manassas Park High,0.3348
Manassas Park City,Manassas Park Middle,0.1809
Chesterfield County,Manchester High,0.2375
Chesterfield County,Manchester Middle,0.2565
Portsmouth City,Manor High,0.5086999999999999
Fairfax County,Mantua Elementary,0.0478
Montgomery County,Margaret Beeks Elementary,0.18359999999999999
Fauquier County,Margaret M. Pierce Elementary,0.1417
Chesterfield County,Marguerite F. Christian Elementary,0.23739999999999997
Smyth County,Marion Elementary,0.1595
Smyth County,Marion Middle,0.2692
Smyth County,Marion Senior High,0.3024
Fairfax County,Marshall High,0.1656
Fauquier County,Marshall Middle,0.1051
Fairfax County,Marshall Road Elementary,0.17170000000000002
Prince William County,Martin Luther King Jr. Elementary,0.1265
Martinsville City,Martinsville High,0.3218
Martinsville City,Martinsville Middle,0.1464
Prince William County,Marumsco Hills Elementary,0.2548
Norfolk City,Mary Calcott Elementary,0.0858
Albemarle County,Mary Carr Greer Elementary,0.2798
Falls Church City,Mary Ellen Henderson Middle,0.0724
Prince William County,Mary G. Porter Traditional,0.027000000000000003
Richmond City,Mary Munford Elementary,0.043899999999999995
Newport News City,Mary Passage Middle,0.3258
Hampton City,Mary S. Peake Elementary,0.2193
Hampton City,Mary T. Christian Elementary,0.1472
Hampton City,Mary W. Jackson Elementary,0.1387
Fauquier County,Mary Walter Elementary,0.2351
Fairfax County,Mason Crest Elementary,0.1953
Roanoke County,Mason's Cove Elementary,0.1452
Spotsylvania County,Massaponax High,0.37329999999999997
Mathews County,Mathews Elementary,0.2152
Mathews County,Mathews High,0.33909999999999996
Chesterfield County,Matoaca Elementary,0.17379999999999998
Chesterfield County,Matoaca High,0.26489999999999997
Chesterfield County,Matoaca Middle,0.2413
Williamsburg-James City County,Matoaka Elementary,0.1211
Williamsburg-James City County,Matthew Whaley Elementary,0.1394
Henrico County,Maude Trevvett Elementary,0.0911
Rockbridge County,Maury River Middle,0.3002
Wythe County,Max Meadows Elementary,0.3057
Henrico County,Maybeury Elementary,0.147
Manassas City,Mayfield Intermediate,0.1938
Craig County,McCleary Elementary,0.46149999999999997
Rockingham County,McGaheysville Elementary,0.1827
Fairfax County,McLean High,0.1193
Fairfax County,McNair Upper Elementary,0.125
Henry County,Meadow View Elementary,0.1797
Chesterfield County,Meadowbrook High,0.5216
Loudoun County,Meadowland Elementary,0.1253
Washington County,Meadowview Elementary,0.1724
Halifax County,Meadville Elementary,0.44189999999999996
Hanover County,Mechanicsville Elementary,0.1139
Hanover County,Mechanicsville High,0.0928
Southampton County,Meherrin Elementary,0.1378
Brunswick County,Meherrin Powellton Elementary,0.3354
Newport News City,Menchville High,0.1943
Falls Church City,Meridian High,0.1048
Albemarle County,Meriwether Lewis Elementary,0.0533
Accomack County,Metompkin Elementary,0.1255
Middlesex County,Middlesex Elementary,0.1981
Middlesex County,Middlesex High,0.2746
Frederick County,Middletown Elementary,0.1778
Chesterfield County,Midlothian High,0.1521
Chesterfield County,Midlothian Middle,0.11130000000000001
Dinwiddie County,Midway Elementary,0.16760000000000003
Richmond City,Miles Jones Elementary,0.2414
Loudoun County,Mill Run Elementary,0.0788
Bath County,Millboro Elementary,0.1818
Frederick County,Millbrook High,0.32030000000000003
Henrico County,Mills E. Godwin High,0.1725
Prince William County,Minnieville Elementary,0.1479
Chesterfield County,Monacan High,0.2503
Amherst County,Monelison Middle,0.19640000000000002
Bedford County,Moneta Elementary,0.1333
Prince William County,Montclair Elementary,0.1591
Roanoke City,Monterey Elementary,0.152
Arlington County,Montessori Public School of Arlington,0.0325
Rockingham County,Montevideo Middle,0.1938
Albemarle County,Monticello High,0.2232
Henrico County,Montrose Elementary,0.23929999999999998
Westmoreland County,Montross Middle,0.2025
Bedford County,Montvale Elementary,0.16879999999999998
Loudoun County,Moorefield Station Elementary,0.12990000000000002
Roanoke City,Morningside Elementary,0.1631
Fairfax County,Mosaic Elementary,0.0717
Louisa County,Moss-Nuckols Elementary,0.125
Pittsylvania County,Mount Airy Elementary,0.157
Fairfax County,Mount Eagle Elementary,0.1858
Roanoke County,Mount Pleasant Elementary,0.1435
Alexandria City,Mount Vernon Elementary,0.2609
Fairfax County,Mount Vernon High,0.2702
Fairfax County,Mount Vernon Woods Elementary,0.2552
Prince William County,Mountain View Elementary,0.11720000000000001
Rockingham County,Mountain View Elementary,0.1989
Loudoun County,Mountain View Elementary,0.0986
Rockbridge County,Mountain View Elementary,0.11109999999999999
Roanoke County,Mountain View Elementary,0.1016
Alleghany Highlands,Mountain View Elementary,0.4548
Albemarle County,Mountain View Elementary,0.1974
Shenandoah County,Mountain View High,0.3893
Fairfax County,Mountain View High,0.6846
Accomack County,Nandua High,0.2158
Accomack County,Nandua Middle,0.17980000000000002
Suffolk City,Nansemond Parkway Elementary,0.2021
Suffolk City,Nansemond River High,0.2846
Alexandria City,Naomi L. Brooks Elementary,0.1298
Giles County,Narrows High,0.08900000000000001
Greene County,Nathanael Greene Elementary,0.38770000000000004
Rockbridge County,Natural Bridge Elementary,0.255
Fairfax County,Navy Elementary,0.0424
Prince William County,Neabsco Elementary,0.22260000000000002
Nelson County,Nelson County High,0.3736
Nelson County,Nelson Middle,0.3725
Virginia Beach City,New Castle Elementary,0.08
Bedford County,New London Academy Elementary,0.055
Fairfax County,Newington Forest Elementary,0.1648
Newport News City,Newsome Park Elementary,0.37170000000000003
Virginia Beach City,Newtown Elementary,0.19519999999999998
Spotsylvania County,Ni River Middle,0.2281
Scott County,Nickelsville Elementary,0.17149999999999999
Chesapeake City,Norfolk Highlands Primary,0.221
Williamsburg-James City County,Norge Elementary,0.0276
Colonial Heights City,North Elementary,0.15460000000000002
Prince George County,North Elementary,0.2841
Shenandoah County,North Fork Middle,0.2725
Virginia Beach City,North Landing Elementary,0.0756
Augusta County,North River Elementary,0.1189
Fairfax County,North Springfield Elementary,0.11810000000000001
Stafford County,North Stafford High,0.2036
Northampton County,Northampton High,0.4052
Northampton County,Northampton Middle,0.3333
Suffolk City,Northern Shores Elementary,0.07440000000000001
Roanoke County,Northside High,0.1911
Norfolk City,Northside Middle,0.2064
Roanoke County,Northside Middle,0.1631
Northumberland County,Northumberland Elementary,0.2797
Northumberland County,Northumberland High,0.3122
Northumberland County,Northumberland Middle,0.2893
Smyth County,Northwood High,0.19579999999999997
Smyth County,Northwood Middle,0.1474
Norton City,Norton Elementary,0.1818
Norfolk City,Norview Elementary,0.1971
Norfolk City,Norview High,0.19030000000000002
Norfolk City,Norview Middle,0.24670000000000003
Arlington County,Nottingham Elementary,0.0102
Southampton County,Nottoway Elementary,0.0913
Nottoway County,Nottoway High,0.2791
Nottoway County,Nottoway Intermediate,0.19399999999999998
Nottoway County,Nottoway Middle,0.3494
Henrico County,Nuckols Farm Elementary,0.0591
Danville City,O. Trent Bonner Middle,0.2693
Chesterfield County,O.B. Gates Elementary,0.1343
Roanoke County,Oak Grove Elementary,0.0909
Richmond City,Oak Grove/Bellemeade Elementary,0.4325
Fairfax County,Oak Hill Elementary,0.050300000000000004
Hanover County,Oak Knoll Middle,0.0662
Smyth County,Oak Point Elementary,0.2407
Falls Church City,Oak Street Elementary,0.050499999999999996
Fairfax County,Oak View Elementary,0.1058
Carroll County,Oakland Elementary,0.1582
Suffolk City,Oakland Elementary,0.2118
Arlington County,Oakridge Elementary,0.0697
Fairfax County,Oakton Elementary,0.09269999999999999
Fairfax County,Oakton High,0.1456
Northampton County,Occohannock Elementary,0.2994
Prince William County,Occoquan Elementary,0.1536
Virginia Beach City,Ocean Lakes Elementary,0.1107
Virginia Beach City,Ocean Lakes High,0.21489999999999998
Norfolk City,Ocean View Elementary,0.247
Norfolk City,Oceanair Elementary,0.2389
Prince William County,Old Bridge Elementary,0.1308
Virginia Beach City,Old Donation School,0.024700000000000003
Chesterfield County,Old Hundred Elementary,0.0662
Fairfax County,Olde Creek Elementary,0.13949999999999999
Newport News City,Oliver C. Greenwood Elementary,0.162
Richmond City,Open High,0.0489
Orange County,Orange Elementary,0.3179
Fairfax County,Orange Hunt Elementary,0.0654
Frederick County,Orchard View Elementary,0.1007
Manassas City,Osbourn High,0.3013
Prince William County,Osbourn Park High,0.2962
Chesapeake City,Oscar F. Smith High,0.3465
Chesapeake City,Oscar Smith Middle,0.20079999999999998
Bedford County,Otter River Elementary,0.0765
Rockingham County,Ottobine Elementary,0.2547
Richmond City,Overby-Sheppard Elementary,0.3222
Fauquier County,P.B. Smith Elementary,0.1157
Page County,Page County High,0.345
Page County,Page County Middle,0.2973
Gloucester County,Page Middle,0.125
Danville City,Park Avenue Elementary,0.2288
Stafford County,Park Ridge Elementary,0.1108
Portsmouth City,Park View Elementary,0.3237
Loudoun County,Park View High,0.32630000000000003
Fairfax County,Parklawn Elementary,0.1794
Spotsylvania County,Parkside Elementary,0.1702
Prince William County,Parkside Middle,0.2102
Virginia Beach City,Parkway Elementary,0.17670000000000002
Buena Vista City,Parry McCluer High,0.34009999999999996
Buena Vista City,Parry McCluer Middle,0.1525
Hopewell City,Patrick Copeland Elementary,0.5343
Patrick County,Patrick County High,0.203
Martinsville City,Patrick Henry Elementary,0.23329999999999998
Hanover County,Patrick Henry High,0.15380000000000002
Roanoke City,Patrick Henry High,0.3654
Washington County,Patrick Henry High,0.248
Alexandria City,Patrick Henry K-8 School,0.1819
Richmond City,Patrick Henry School Of Science And Arts,0.10490000000000001
Patrick County,Patrick Springs Primary,0.1429
Prince William County,Patriot High,0.1942
Hampton City,Paul Burbank Elementary,0.2155
Lynchburg City,Paul Munro Elementary,0.1326
Rockingham County,Peak View Elementary,0.1588
Culpeper County,Pearl Sample Elementary,0.3368
Hanover County,Pearson's Corner Elementary,0.0346
Gloucester County,Peasley Middle,0.0861
Henrico County,Pemberton Elementary,0.0519
Virginia Beach City,Pembroke Elementary,0.21170000000000003
Virginia Beach City,Pembroke Meadows Elementary,0.1481
Roanoke County,Penn Forest Elementary,0.06
Lee County,Pennington Middle,0.3311
Prince William County,Pennington Traditional,0.0524
Lynchburg City,Perrymont Elementary,0.2922
Shenandoah County,Peter Muhlenberg Middle,0.3486
Petersburg City,Petersburg High,0.522
Gloucester County,Petsworth Elementary,0.15259999999999999
Charlotte County,Phenix Elementary,0.12179999999999999
Hampton City,Phillips Elementary,0.1594
Hampton City,Phoebus High,0.1519
Henrico County,Pinchbeck Elementary,0.0587
Fairfax County,Pine Spring Elementary,0.22219999999999998
Loudoun County,Pinebrook Elementary,0.1063
Prince William County,Piney Branch Elementary,0.1417
Rockingham County,Plains Elementary,0.2481
Virginia Beach City,Plaza Middle,0.1291
Rockingham County,Pleasant Valley Elementary,0.17800000000000002
Petersburg City,Pleasants Lane Elementary,0.2534
Powhatan County,Pocahontas Elementary,0.1127
Henrico County,Pocahontas Middle,0.1624
Fairfax County,Poe Middle,0.2188
Virginia Beach City,Point O' View Elementary,0.2876
Hanover County,Pole Green Elementary,0.0318
Fairfax County,Poplar Tree Elementary,0.09300000000000001
Poquoson City,Poquoson Elementary,0.1096
Poquoson City,Poquoson High,0.1414
Poquoson City,Poquoson Middle,0.1727
Spotsylvania County,Post Oak Middle,0.2753
King George County,Potomac Elementary,0.1444
Loudoun County,Potomac Falls High,0.2064
Prince William County,Potomac High,0.408
Prince William County,Potomac Middle,0.22649999999999998
Prince William County,Potomac Shores Middle,0.1734
Prince William County,Potomac View Elementary,0.237
Loudoun County,Potowmack Elementary,0.095
Fairfax County,Powell Elementary,0.0548
Powhatan County,Powhatan Elementary,0.0786
Powhatan County,Powhatan High,0.21030000000000001
Powhatan County,Powhatan Middle,0.16449999999999998
Roanoke City,Preston Park Elementary,0.1506
Montgomery County,Prices Fork Elementary,0.1563
Prince Edward County,Prince Edward County High,0.47740000000000005
Prince Edward County,Prince Edward Elementary,0.275
Prince Edward County,Prince Edward Middle,0.309
Prince George County,Prince George High,0.3751
Virginia Beach City,Princess Anne Elementary,0.10830000000000001
Virginia Beach City,Princess Anne High,0.0558
Virginia Beach City,Princess Anne Middle,0.09609999999999999
Orange County,Prospect Heights Middle,0.39909999999999995
Fairfax County,Providence Elementary,0.1267
Chesterfield County,Providence Elementary,0.1864
Virginia Beach City,Providence Elementary,0.11470000000000001
Chesterfield County,Providence Middle,0.3346
Pulaski County,Pulaski County Middle,0.2466
Pulaski County,Pulaski County Senior High,0.2579
Accomack County,Pungoteague Elementary,0.16
York County,Queens Lake Middle,0.1439
Henrico County,Quioccasin Middle,0.1467
Prince William County,R. Dean Kilby Elementary,0.1875
Henrico County,R.C. Longan Elementary,0.0922
Radford City,Radford High,0.09480000000000001
Arlington County,Randolph Elementary,0.1193
Goochland County,Randolph Elementary,0.1091
Charlotte County,Randolph-Henry High,0.29510000000000003
Rappahannock County,Rappahannock County Elementary,0.247
Rappahannock County,Rappahannock County High,0.32789999999999997
Richmond County,Rappahannock High,0.1857
Fairfax County,Ravensworth Elementary,0.057999999999999996
Botetourt County,Read Mountain Middle,0.0965
Chesterfield County,Reams Road Elementary,0.13140000000000002
Albemarle County,Red Hill Elementary,0.2865
Virginia Beach City,Red Mill Elementary,0.1007
Brunswick County,Red Oak-Sturgeon Elementary,0.17489999999999997
Frederick County,Redbud Run Elementary,0.2161
Warren County,Ressie Jeffries Elementary,0.282
Washington County,Rhea Valley Elementary,0.2412
Henry County,Rich Acres Elementary,0.18530000000000002
Smyth County,Rich Valley Elementary,0.1429
Norfolk City,Richard Bowling Elementary,0.3812
Manassas City,Richard C. Haydon Elementary,0.24170000000000003
Newport News City,Richard T. Yates Elementary,0.2581
Tazewell County,Richlands Elementary,0.2816
Tazewell County,Richlands High,0.2763
Tazewell County,Richlands Middle,0.38020000000000004
Richmond City,Richmond Alternative,0.9172
Richmond City,Richmond Career Education and Employment Charter School,0.2759
Richmond City,Richmond Community High,0.1182
Richmond County,Richmond County Elementary,0.1207
Newport News City,Richneck Elementary,0.24739999999999998
Henrico County,Ridge Elementary,0.1932
Dickenson County,Ridgeview High,0.42979999999999996
Dickenson County,Ridgeview Middle,0.488
Prince William County,Rippon Middle,0.2668
Rockingham County,River Bend Elementary,0.31370000000000003
Loudoun County,River Bend Middle,0.1139
Richmond City,River City Middle,0.2712
Prince William County,River Oaks Elementary,0.1664
Southampton County,Riverdale Elementary,0.2661
Augusta County,Riverheads Elementary,0.1566
Augusta County,Riverheads High,0.2086
Pulaski County,Riverlawn Elementary,0.1437
Henrico County,Rivers Edge Elementary,0.08410000000000001
Newport News City,Riverside Elementary,0.2761
Fairfax County,Riverside Elementary,0.2028
Loudoun County,Riverside High,0.1369
Spotsylvania County,Riverview Elementary,0.0706
Buchanan County,Riverview Elementary/Middle,0.4193
Roanoke City,Roanoke Academy For Mathematics & Science Elementary,0.1993
Frederick County,Robert E. Aylor Middle,0.21050000000000002
Lynchburg City,Robert S. Payne Elementary,0.2661
Fairfax County,Robinson Secondary,0.1322
Chesterfield County,Robious Elementary,0.0814
Chesterfield County,Robious Middle,0.1335
Loudoun County,Rock Ridge High,0.1413
Rockbridge County,Rockbridge County High,0.3607
Nelson County,Rockfish River Elementary,0.22870000000000001
Stafford County,Rockhill Elementary,0.1402
Prince William County,Rockledge Elementary,0.1423
Franklin County,Rocky Mount Elementary,0.125
Stafford County,Rocky Run Elementary,0.1536
Fairfax County,Rocky Run Middle,0.0816
Stafford County,Rodney E. Thompson Middle,0.1124
Loudoun County,Rolling Ridge Elementary,0.17850000000000002
Fairfax County,Rolling Valley Elementary,0.10869999999999999
Prince William County,Ronald Wilson Reagan Middle,0.15039999999999998
Loudoun County,Rosa Lee Carter Elementary,0.16079999999999997
Prince William County,Rosa Parks Elementary,0.1623
Fairfax County,Rose Hill Elementary,0.1757
Lee County,Rose Hill Elementary,0.2488
Virginia Beach City,Rosemont Elementary,0.1649
Virginia Beach City,Rosemont Forest Elementary,0.0801
Roanoke City,Round Hill Elementary,0.3061
Loudoun County,Round Hill Elementary,0.09939999999999999
Henrico County,Ruby F. Carver Elementary,0.0913
Greene County,Ruckersville Elementary,0.1519
Hanover County,Rural Point Elementary,0.07730000000000001
Wythe County,Rural Retreat Elementary,0.284
Wythe County,Rural Retreat High,0.33659999999999995
Wythe County,Rural Retreat Middle,0.2591
Campbell County,Rustburg Elementary,0.1026
Campbell County,Rustburg High,0.19
Campbell County,Rustburg Middle,0.1593
Scott County,Rye Cove High,0.3874
Scott County,Rye Cove Intermediate,0.16670000000000001
Augusta County,S. Gordon Stewart Middle,0.1448
Franklin City,S.P. Morton Elementary,0.5776
Chesterfield County,Salem Church Elementary,0.2101
Chesterfield County,Salem Church Middle,0.28600000000000003
Virginia Beach City,Salem Elementary,0.15439999999999998
Spotsylvania County,Salem Elementary,0.2224
Salem City,Salem High,0.2371
Virginia Beach City,Salem High,0.1655
Virginia Beach City,Salem Middle,0.1061
Smyth County,Saltville Elementary,0.2043
Prince William County,Samuel L. Gravely Jr. Elementary,0.078
Hampton City,Samuel P. Langley Elementary,0.0698
Alexandria City,Samuel W. Tucker Elementary,0.2645
Fairfax County,Sandburg Middle,0.19440000000000002
Loudoun County,Sanders Corner Elementary,0.0731
Dickenson County,Sandlick Elementary,0.3914
Henrico County,Sandston Elementary,0.0728
Lynchburg City,Sandusky Elementary,0.2291
Lynchburg City,Sandusky Middle,0.3478
Shenandoah County,Sandy Hook Elementary,0.3272
Fairfax County,Sangster Elementary,0.0404
Henry County,Sanville Elementary,0.1359
Fairfax County,Saratoga Elementary,0.1632
Danville City,Schoolfield Elementary,0.23260000000000003
Wythe County,Scott Memorial Middle,0.2618
Halifax County,Scottsburg Elementary,0.5635
Albemarle County,Scottsville Elementary,0.14429999999999998
York County,Seaford Elementary,0.10039999999999999
Virginia Beach City,Seatack Elementary an Achievable Dream Academy,0.2676
Newport News City,Sedgefield Elementary,0.2137
Loudoun County,Seldens Landing Elementary,0.08839999999999999
Loudoun County,Seneca Ridge Middle,0.1834
Henrico County,Seven Pines Elementary,0.174
Norfolk City,Sewells Point Elementary,0.2933
Henrico County,Shady Grove Elementary,0.0302
Prince William County,Sharon C. McAuliffe Elementary,0.2005
Alleghany Highlands,Sharon Elementary,0.3876
Montgomery County,Shawsville Middle,0.25120000000000003
Wythe County,Sheffey Elementary,0.37829999999999997
Lynchburg City,Sheffield Elementary,0.2822
Staunton City,Shelburne Middle,0.37729999999999997
Virginia Beach City,Shelton Park Elementary,0.16390000000000002
Page County,Shenandoah Elementary,0.2116
Frederick County,Sherando High,0.23420000000000002
Fairfax County,Sherman Elementary,0.051100000000000007
Norfolk City,Sherwood Forest Elementary,0.2967
Stafford County,Shirley C. Heim Middle,0.1858
Scott County,Shoemaker Elementary,0.20739999999999997
Henrico County,Short Pump Elementary,0.1117
Henrico County,Short Pump Middle,0.0599
Fairfax County,Shrevewood Elementary,0.1414
Prince William County,Signal Hill Elementary,0.2143
Shenandoah County,Signal Knob Middle,0.4226
Fairfax County,Silverbrook Elementary,0.0757
Portsmouth City,Simonsdale Elementary,0.2045
Halifax County,Sinai Elementary,0.4481
Henrico County,Skipwith Elementary,0.11199999999999999
Warren County,Skyline High,0.4711
Warren County,Skyline Middle,0.3469
Harrisonburg City,Skyline Middle,0.2959
Fairfax County,Sleepy Hollow Elementary,0.177
Spotsylvania County,Smith Station Elementary,0.1938
Isle of Wight County,Smithfield High,0.28350000000000003
Isle of Wight County,Smithfield Middle,0.3029
Harrisonburg City,Smithland Elementary,0.3224
Franklin County,Snow Creek Elementary,0.0895
Pulaski County,Snowville Elementary,0.1081
Prince William County,Sonnie Penn Elementary,0.1208
Franklin County,Sontag Elementary,0.1809
Hanover County,South Anna Elementary,0.0696
Halifax County,South Boston Elementary,0.40630000000000005
Fairfax County,South County High,0.21739999999999998
Fairfax County,South County Middle,0.10769999999999999
Prince George County,South Elementary,0.2234
Mecklenburg County,South Hill Elementary,0.2965
Fairfax County,South Lakes High,0.2034
Rockingham County,South River Elementary,0.2768
Salem City,South Salem Elementary,0.127
Richmond City,Southampton Elementary,0.25129999999999997
Southampton County,Southampton High,0.1631
Southampton County,Southampton Middle,0.259
Chesapeake City,Southeastern Elementary,0.1333
Dinwiddie County,Southside Elementary,0.2634
Pittsylvania County,Southside Elementary,0.11810000000000001
Suffolk City,Southwestern Elementary,0.1886
Chesapeake City,Southwestern Elementary,0.2937
Chesapeake City,Sparrow Road Intermediate,0.2422
Wythe County,Speedwell Elementary,0.30469999999999997
Wythe County,Spiller Elementary,0.2903
Spotsylvania County,Spotswood Elementary,0.15130000000000002
Harrisonburg City,Spotswood Elementary,0.2104
Rockingham County,Spotswood High,0.29510000000000003
Spotsylvania County,Spotsylvania Elementary,0.22
Spotsylvania County,Spotsylvania High,0.3131
Spotsylvania County,Spotsylvania Middle,0.2027
Fairfax County,Spring Hill Elementary,0.08070000000000001
Chesterfield County,Spring Run Elementary,0.10980000000000001
Page County,Springfield Elementary,0.16149999999999998
Fairfax County,Springfield Estates Elementary,0.1082
Henrico County,Springfield Park Elementary,0.058899999999999994
Prince William County,Springwoods Elementary,0.1434
Lee County,St. Charles Elementary,0.4865
Middlesex County,St. Clare Walker Middle,0.2847
Norfolk City,St. Helena Elementary,0.3333
Carroll County,St. Paul,0.12119999999999999
Wise County,St. Paul Elementary,0.09699999999999999
Stafford County,Stafford Elementary,0.1475
Stafford County,Stafford Middle,0.1189
Stafford County,Stafford Senior High,0.26649999999999996
Page County,Stanley Elementary,0.2943
Henry County,Stanleytown Elementary,0.2115
Staunton City,Staunton High,0.3945
Bedford County,Staunton River High,0.25980000000000003
Bedford County,Staunton River Middle,0.13949999999999999
Fairfax County,Stenwood Elementary,0.0676
Loudoun County,Sterling Elementary,0.1082
Loudoun County,Sterling Middle,0.16760000000000003
Loudoun County,Steuart W. Weller Elementary,0.12390000000000001
Bedford County,Stewartsville Elementary,0.2025
Loudoun County,Stone Bridge High,0.1482
Loudoun County,Stone Hill Middle,0.0795
Fairfax County,Stone Middle,0.1382
Albemarle County,Stone Robinson Elementary,0.1432
Harrisonburg City,Stone Spring Elementary,0.381
Williamsburg-James City County,Stonehouse Elementary,0.0751
Frederick County,Stonewall Elementary,0.1445
Bristol City,Stonewall Jackson Elementary,0.2995
Pittsylvania County,Stony Mill Elementary,0.1333
Albemarle County,Stony Point Elementary,0.1459
Shenandoah County,Strasburg High,0.41509999999999997
Fairfax County,Stratford Landing Elementary,0.0799
Virginia Beach City,Strawbridge Elementary,0.1109
Patrick County,Stuart Elementary,0.1512
Prince William County,Stuart M. Beville Middle,0.18780000000000002
Augusta County,Stuarts Draft Elementary,0.16010000000000002
Augusta County,Stuarts Draft High,0.1634
Augusta County,Stuarts Draft Middle,0.18899999999999997
Norfolk City,Suburban Park Elementary,0.2652
Prince William County,Sudley Elementary,0.21660000000000001
Prince William County,Suella G. Ellis Elementary,0.2834
Smyth County,Sugar Grove Elementary,0.2065
Loudoun County,Sugarland Elementary,0.2186
Loudoun County,Sully Elementary,0.2345
Dinwiddie County,Sunnyside Elementary,0.16469999999999999
Fairfax County,Sunrise Valley Elementary,0.0574
Surry County,Surry County High,0.3641
Surry County,Surry Elementary,0.30879999999999996
Sussex County,Sussex Central Elementary,0.2477
Sussex County,Sussex Central High,0.3
Sussex County,Sussex Central Middle,0.2275
Dinwiddie County,Sutherland Elementary,0.184
Prince William County,Swans Creek Elementary,0.1519
Richmond City,Swansboro Elementary,0.3895
Arlington County,Swanson Middle,0.054900000000000004
Chesterfield County,Swift Creek Elementary,0.1775
Chesterfield County,Swift Creek Middle,0.12050000000000001
Russell County,Swords Creek Elementary,0.2577
Culpeper County,Sycamore Park Elementary,0.2477
Loudoun County,Sycolin Creek Elementary,0.0626
Halifax County,Sydnor Jennings Elementary,0.506
Stafford County,T. Benton Gayle Middle,0.1906
Prince William County,T. Clay Wood Elementary,0.0728
Newport News City,T. Ryland Sanford Elementary,0.1014
York County,Tabb Elementary,0.077
York County,Tabb High,0.1249
York County,Tabb Middle,0.09910000000000001
Virginia Beach City,Tallwood Elementary,0.1439
Virginia Beach City,Tallwood High,0.2483
Accomack County,Tangier Combined,0.23809999999999998
Norfolk City,Tanners Creek Elementary,0.40549999999999997
Essex County,Tappahannock Elementary,0.10210000000000001
Norfolk City,Tarrallton Elementary,0.2915
Arlington County,Taylor Elementary,0.0232
Tazewell County,Tazewell High,0.3423
Tazewell County,Tazewell Intermediate,0.3144
Tazewell County,Tazewell Middle,0.375
Amherst County,Temperance Elementary,0.0316
Fairfax County,Terra Centre Elementary,0.0548
Fairfax County,Terraset Elementary,0.12240000000000001
Virginia Beach City,Thalia Elementary,0.2528
Prince William County,The Nokesville School,0.1752
Chesterfield County,Thelma Crenshaw Elementary,0.1923
Richmond City,Thomas C. Boushall Middle,0.2378
Staunton City,Thomas C. McSwain Elementary,0.1934
Chesterfield County,Thomas Dale High,0.2412
Hampton City,Thomas Eaton Middle,0.1109
Harrisonburg City,Thomas Harrison Middle,0.21289999999999998
Mathews County,Thomas Hunter Middle,0.20679999999999998
Bedford County,Thomas Jefferson Elementary,0.09269999999999999
Louisa County,Thomas Jefferson Elementary,0.09269999999999999
Richmond City,Thomas Jefferson High,0.22829999999999998
Fairfax County,Thomas Jefferson High for Science and Technology,0.047599999999999996
Lee County,Thomas Walker High,0.1884
Fairfax County,Thoreau Middle,0.10710000000000001
Spotsylvania County,Thornburg Middle,0.2143
Virginia Beach City,Thoroughgood Elementary,0.061500000000000006
Henrico County,Three Chopt Elementary,0.1452
Virginia Beach City,Three Oaks Elementary,0.0876
Prince William County,Thurgood Marshall Elementary,0.1142
Chesapeake City,Thurgood Marshall Elementary,0.4293
Norfolk City,Tidewater Park Elementary,0.1648
Fairfax County,Timber Lane Elementary,0.1813
Williamsburg-James City County,Toano Middle,0.1378
Chesterfield County,Tomahawk Creek Middle,0.1144
Campbell County,Tomahawk Elementary,0.1316
Brunswick County,Totaro Elementary,0.2816
Loudoun County,Trailside Middle,0.0934
Virginia Beach City,Trantwood Elementary,0.0781
Louisa County,Trevilians Elementary,0.0728
Prince William County,Triangle Elementary,0.213
Botetourt County,Troutville Elementary,0.1024
Chesapeake City,Truitt Intermediate,0.2214
Arlington County,Tuckahoe Elementary,0.011899999999999999
Henrico County,Tuckahoe Elementary,0.0344
Henrico County,Tuckahoe Middle,0.09369999999999999
Pittsylvania County,Tunstall High,0.244
Pittsylvania County,Tunstall Middle,0.2208
Rockingham County,Turner Ashby High,0.29100000000000004
Loudoun County,Tuscarora High,0.2434
Colonial Heights City,Tussing Elementary,0.1346
Fairfax County,Twain Middle,0.1176
Henrico County,Twin Hickory Elementary,0.0455
Pittsylvania County,Twin Springs Elementary,0.0915
Scott County,Twin Springs High,0.2561
Buchanan County,Twin Valley Elementary/Middle,0.1439
Buchanan County,Twin Valley High,0.17350000000000002
Nelson County,Tye River Elementary,0.36450000000000005
Pittsylvania County,Union Hall Elementary,0.0855
Wise County,Union High,0.1968
Wise County,Union Middle,0.20679999999999998
Fairfax County,Union Mill Elementary,0.0889
Wise County,Union Primary,0.217
Prince William County,Unity Reed High,0.4465
Bath County,Valley Elementary,0.2625
Washington County,Valley Institute Elementary,0.1822
Henrico County,Varina Elementary,0.1423
Henrico County,Varina High,0.31379999999999997
Charlottesville City,Venable Elementary,0.0545
Petersburg City,Vernon Johns Middle,0.45530000000000004
Lunenburg County,Victoria Elementary,0.1638
Portsmouth City,Victory Elementary,0.20379999999999998
Prince William County,Victory Elementary,0.1297
Fairfax County,Vienna Elementary,0.0692
Virginia Beach City,Virginia Beach Middle,0.252
Roanoke City,Virginia Heights Elementary,0.1496
Bristol City,Virginia High,0.3946
Albemarle County,Virginia L. Murray Elementary,0.062
Bristol City,Virginia Middle,0.36119999999999997
Fairfax County,Virginia Run Elementary,0.125
Fauquier County,W.C. Taylor Middle,0.2101
Roanoke County,W.E. Cundiff Elementary,0.1335
Fauquier County,W.G. Coleman Elementary,0.1448
Loudoun County,W.O. Robey High,0.0
Virginia Beach City,W.T. Cooke Elementary,0.18059999999999998
Chesterfield County,W.W. Gordon Elementary,0.054299999999999994
Shenandoah County,W.W. Robinson Elementary,0.34619999999999995
Fairfax County,Wakefield Forest Elementary,0.061
Arlington County,Wakefield High,0.183
Charlottesville City,Walker Upper Elementary,0.1833
Fredericksburg City,Walker-Grant Middle,0.4114
Washington County,Wallace Middle,0.2036
York County,Waller Mill Elementary,0.105
Petersburg City,Walnut Hill Elementary,0.2495
Norfolk City,Walter Herron Taylor Elementary,0.1954
Fairfax County,Waples Mill Elementary,0.0819
Williamsburg-James City County,Warhill High,0.2523
Warren County,Warren County High,0.3433
Warren County,Warren County Middle,0.3479
Fauquier County,Warrenton Middle,0.10460000000000001
Newport News City,Warwick High,0.4032
Roanoke City,Wasena Elementary,0.1523
Westmoreland County,Washington District Elementary,0.1839
Fairfax County,Washington Mill Elementary,0.3114
Bristol City,Washington-Lee Elementary,0.23829999999999998
Arlington County,Washington-Liberty High,0.15560000000000002
Washington County,Watauga Elementary,0.1462
Loudoun County,Waterford Elementary,0.0894
Harrisonburg City,Waterman Elementary,0.2188
Portsmouth City,Waterview Elementary,0.3721
Madison County,Waverly Yowell Elementary,0.13390000000000002
Loudoun County,Waxpool Elementary,0.09230000000000001
Fairfax County,Waynewood Elementary,0.0392
Scott County,Weber City Elementary,0.1133
Manassas City,Weems Elementary,0.24489999999999998
Prince William County,West Gate Elementary,0.2683
West Point,West Point Elementary,0.12029999999999999
West Point,West Point Middle/High,0.1804
Fairfax County,West Potomac High,0.2847
Salem City,West Salem Elementary,0.1253
Fairfax County,West Springfield Elementary,0.0625
Fairfax County,West Springfield High,0.10869999999999999
Fairfax County,Westbriar Elementary,0.0683
Albemarle County,Western Albemarle High,0.1272
Chesapeake City,Western Branch High,0.2318
Chesapeake City,Western Branch Intermediate,0.13949999999999999
Chesapeake City,Western Branch Middle,0.24559999999999998
Fairfax County,Westfield High,0.1734
Fairfax County,Westgate Elementary,0.1333
Portsmouth City,Westhaven Elementary,0.29460000000000003
Fairfax County,Westlawn Elementary,0.221
Westmoreland County,Westmoreland High,0.3017
Richmond City,Westover Hills Elementary,0.3236
Prince William County,Westridge Elementary,0.1052
Isle of Wight County,Westside Elementary,0.2534
Roanoke City,Westside Elementary,0.2397
Danville City,Westwood Middle,0.3481
Fairfax County,Weyanoke Elementary,0.1884
Fairfax County,White Oaks Elementary,0.060700000000000004
Virginia Beach City,White Oaks Elementary,0.18030000000000002
Fairfax County,Whitman Middle,0.26289999999999997
Stafford County,Widewater Elementary,0.1709
Rockingham County,Wilbur S. Pence Middle,0.20199999999999999
Spotsylvania County,Wilderness Elementary,0.1736
Norfolk City,Willard Elementary,0.20800000000000002
Loudoun County,Willard Middle,0.077
Roanoke County,William Byrd High,0.2278
Roanoke County,William Byrd Middle,0.13449999999999998
Campbell County,William Campbell High,0.2575
Portsmouth City,William E. Waters Middle,0.3081
Roanoke City,William Fleming High,0.3795
Richmond City,William Fox Elementary,0.1514
Norfolk City,William H. Ruffner Middle,0.2296
Madison County,William H. Wetsel Middle,0.17989999999999998
Lynchburg City,William M. Bass Elementary,0.2071
Hampton City,William Mason Cooper Elementary,0.08449999999999999
Greene County,William Monroe High,0.1981
Greene County,William Monroe Middle,0.1437
Alexandria City,William Ramsay Elementary,0.3201
Virginia Beach City,Williams Elementary,0.2709
Arlington County,Williamsburg Middle,0.0144
Newport News City,Willis A. Jenkins Elementary,0.3669
Floyd County,Willis Elementary,0.44299999999999995
Fairfax County,Willow Springs Elementary,0.114
Augusta County,Wilson Elementary,0.1014
Augusta County,Wilson Memorial High,0.203
Augusta County,Wilson Middle,0.2231
Stafford County,Winding Creek Elementary,0.10490000000000001
Isle of Wight County,Windsor Elementary,0.33390000000000003
Isle of Wight County,Windsor High,0.41
Virginia Beach City,Windsor Oaks Elementary,0.156
Virginia Beach City,Windsor Woods Elementary,0.1591
Franklin County,Windy Gap Elementary,0.1231
Chesterfield County,Winterpock Elementary,0.068
Wise County,Wise Primary,0.151
Fairfax County,Wolftrap Elementary,0.045
Danville City,Woodberry Hills Elementary,0.2228
Prince William County,Woodbridge High,0.3078
Prince William County,Woodbridge Middle,0.1777
Albemarle County,Woodbrook Elementary,0.33020000000000005
Fairfax County,Woodburn Elementary,0.18539999999999998
Loudoun County,Woodgrove High,0.19149999999999998
Fairfax County,Woodlawn Elementary,0.2619
Fairfax County,Woodley Hills Elementary,0.26239999999999997
Roanoke City,Woodrow Wilson Middle,0.325
Newport News City,Woodside High,0.2826
Fairfax County,Woodson High,0.2559
Virginia Beach City,Woodstock Elementary,0.2236
Richmond City,Woodville Elementary,0.44909999999999994
Chesterfield County,Woolridge Elementary,0.0591
Patrick County,Woolwine Elementary,0.1496
Campbell County,Yellow Branch Elementary,0.1008
York County,York High,0.18309999999999998
York County,York River Academy,0.4194
Prince William County,Yorkshire Elementary,0.19649999999999998
York County,Yorktown Elementary,0.1448
Arlington County,Yorktown High,0.0969
York County,Yorktown Middle,0.22
Culpeper County,Yowell Elementary,0.2613
Scott County,Yuma Elementary,0.1481
