Division Name,School Name,percentage_foster_care
Accomack County,Accawmacke Elementary,0.0024509803921568627
Accomack County,Arcadia High,0.001455604075691412
Accomack County,Arcadia Middle,0.0
Accomack County,Chincoteague Elementary,0.0
Accomack County,Chincoteague High,0.0
Accomack County,Kegotank Elementary,0.0
Accomack County,Metompkin Elementary,0.0017921146953405018
Accomack County,Nandua High,0.003067484662576687
Accomack County,Nandua Middle,0.002197802197802198
Accomack County,Pungoteague Elementary,0.0
Accomack County,Tangier Combined,0.0
Albemarle County,Agnor-Hurt Elementary,0.0
Albemarle County,Albemarle High,1.0
Albemarle County,Baker-Butler Elem,0.001466275659824047
Albemarle County,Broadus Wood Elementary,0.0
Albemarle County,Brownsville Elementary,0.0
Albemarle County,Community Lab School,0.005154639175257732
Albemarle County,Crozet Elementary,0.0
Albemarle County,Hollymead Elementary,0.0029239766081871343
Albemarle County,Jack Jouett Middle,0.001440922190201729
Albemarle County,Jackson P. Burley Middle,0.0016666666666666668
Albemarle County,Joseph T. Henley Middle,0.0
Albemarle County,Lakeside Middle,0.0
Albemarle County,Leslie H. Walton Middle,0.006042296072507553
Albemarle County,Mary Carr Greer Elementary,0.0
Albemarle County,Meriwether Lewis Elementary,0.003115264797507788
Albemarle County,Monticello High,1.0
Albemarle County,Mountain View Elementary,0.0
Albemarle County,Red Hill Elementary,0.0
Albemarle County,Scottsville Elementary,0.004629629629629629
Albemarle County,Stone Robinson Elementary,0.006382978723404255
Albemarle County,Stony Point Elementary,0.0
Albemarle County,Virginia L. Murray Elementary,0.0037313432835820895
Albemarle County,Western Albemarle High,1.0
Albemarle County,Woodbrook Elementary,0.0017793594306049821
Alexandria City,Alexandria City High,1.0
Alexandria City,Charles Barrett Elementary,0.0
Alexandria City,Cora Kelly School for Math Science and Technology,0.0
Alexandria City,Douglas Macarthur Elementary,0.003527336860670194
Alexandria City,Early Childhood Center,0.0
Alexandria City,Ferdinand T. Day Elementary,0.0
Alexandria City,Francis C. Hammond Middle,
Alexandria City,George Mason Elementary,0.0
Alexandria City,George Washington Middle,1.0
Alexandria City,James K. Polk Elementary,0.0
Alexandria City,Jefferson-Houston PK-8 School,0.0
Alexandria City,John Adams Elementary,0.0
Alexandria City,Lyles-Crouch Elementary,0.0
Alexandria City,Mount Vernon Elementary,0.0
Alexandria City,Naomi L. Brooks Elementary,0.0
Alexandria City,Patrick Henry K-8 School,0.0
Alexandria City,Samuel W. Tucker Elementary,0.0
Alexandria City,William Ramsay Elementary,0.0
Alleghany County,Alleghany High,0.005154639175257732
Alleghany County,Callaghan Elementary,0.0
Alleghany County,Clifton Middle,0.0024330900243309003
Alleghany County,Mountain View Elementary,0.006382978723404255
Alleghany County,Sharon Elementary,0.0
Amelia County,Amelia County Elementary,0.006747638326585695
Amelia County,Amelia County High,0.004056795131845842
Amelia County,Amelia County Middle,0.004987531172069825
Amherst County,Amelon Elementary,0.009216589861751152
Amherst County,Amherst County High,1.0
Amherst County,Amherst Elementary,0.008583690987124463
Amherst County,Amherst Middle,0.0026455026455026454
Amherst County,Central Elementary,0.009036144578313253
Amherst County,Elon Elementary,0.0029411764705882353
Amherst County,Madison Heights Elementary,0.007874015748031496
Amherst County,Monelison Middle,0.005357142857142857
Amherst County,Temperance Elementary,0.0
Appomattox County,Appomattox County High,0.008620689655172414
Appomattox County,Appomattox Elementary,0.003992015968063872
Appomattox County,Appomattox Middle,0.007366482504604052
Appomattox County,Appomattox Primary,0.005016722408026756
Arlington County,Abingdon Elementary,0.0
Arlington County,Alice West Fleet Elementary,0.0
Arlington County,Arlington Community High,0.011299435028248588
Arlington County,Arlington Science Focus School,0.0
Arlington County,Arlington Traditional,0.0
Arlington County,Ashlawn Elementary,0.001851851851851852
Arlington County,Barcroft Elementary,0.0022727272727272726
Arlington County,Barrett Elementary,0.001893939393939394
Arlington County,Campbell Elementary,0.0
Arlington County,Cardinal Elementary,0.0
Arlington County,Carlin Springs Elementary,0.0
Arlington County,Claremont Immersion,0.0
Arlington County,Discovery Elementary,0.0
Arlington County,Dorothy Hamm Middle,0.0
Arlington County,Dr. Charles R. Drew Elementary,0.0
Arlington County,Escuela Key Elementary,0.0
Arlington County,Glebe Elementary,0.0
Arlington County,Gunston Middle,1.0
Arlington County,Hoffman-Boston Elementary,0.0
Arlington County,Innovation Elementary,0.0
Arlington County,Integration Station,0.0
Arlington County,Jamestown Elementary,0.0
Arlington County,Jefferson Middle,0.0
Arlington County,Kenmore Middle,
Arlington County,Long Branch Elementary,0.0
Arlington County,Montessori Public School of Arlington,0.0
Arlington County,Nottingham Elementary,0.0
Arlington County,Oakridge Elementary,0.0
Arlington County,Randolph Elementary,0.0
Arlington County,Swanson Middle,0.0
Arlington County,Taylor Elementary,0.0
Arlington County,Tuckahoe Elementary,0.0
Arlington County,Wakefield High,1.0
Arlington County,Washington-Liberty High,1.0
Arlington County,Williamsburg Middle,0.0
Arlington County,Yorktown High,1.0
Augusta County,Beverley Manor Middle,0.003246753246753247
Augusta County,Buffalo Gap High,0.004424778761061947
Augusta County,Cassell Elementary,0.004470938897168405
Augusta County,Churchville Elementary,0.005012531328320802
Augusta County,Craigsville Elementary,0.0
Augusta County,Edward G. Clymore Elementary,0.0054869684499314125
Augusta County,Fort Defiance High,0.0027548209366391185
Augusta County,Guy K. Stump Elementary,0.018648018648018648
Augusta County,North River Elementary,0.0
Augusta County,Riverheads Elementary,0.00715307582260372
Augusta County,Riverheads High,0.008385744234800839
Augusta County,S. Gordon Stewart Middle,0.0
Augusta County,Stuarts Draft Elementary,0.0035842293906810036
Augusta County,Stuarts Draft High,0.0
Augusta County,Stuarts Draft Middle,0.0021551724137931034
Augusta County,Wilson Elementary,0.01664145234493192
Augusta County,Wilson Memorial High,0.00850546780072904
Augusta County,Wilson Middle,0.007886435331230283
Bath County,Bath County High,0.005319148936170213
Bath County,Millboro Elementary,0.014184397163120567
Bath County,Valley Elementary,0.0
Bedford County,Bedford Elementary,0.002364066193853428
Bedford County,Bedford Primary,0.01090909090909091
Bedford County,Big Island Elementary,0.0
Bedford County,Boonsboro Elementary,0.0
Bedford County,Forest Elementary,0.008547008547008548
Bedford County,Forest Middle,0.0022701475595913734
Bedford County,Goodview Elementary,0.014492753623188406
Bedford County,Huddleston Elementary,0.004608294930875576
Bedford County,Jefferson Forest High,1.0
Bedford County,Liberty High,0.0070126227208976155
Bedford County,Liberty Middle,0.005535055350553505
Bedford County,Moneta Elementary,0.013888888888888888
Bedford County,Montvale Elementary,0.00816326530612245
Bedford County,New London Academy Elementary,0.0031446540880503146
Bedford County,Otter River Elementary,0.015789473684210527
Bedford County,Staunton River High,0.00544069640914037
Bedford County,Staunton River Middle,0.005025125628140704
Bedford County,Stewartsville Elementary,0.008823529411764706
Bedford County,Thomas Jefferson Elementary,0.013207547169811321
Bland County,Bland County Elementary,0.011527377521613832
Bland County,Bland County High,0.002688172043010753
Botetourt County,Breckinridge Elementary,0.0
Botetourt County,Buchanan Elementary,0.0
Botetourt County,Central Academy Middle,0.0056022408963585435
Botetourt County,Cloverdale Elementary,0.0
Botetourt County,Colonial Elementary,0.00909090909090909
Botetourt County,Eagle Rock Elementary,0.0
Botetourt County,Greenfield Elementary,0.0
Botetourt County,James River High,0.0021008403361344537
Botetourt County,Lord Botetourt High,1.0
Botetourt County,Read Mountain Middle,0.0
Botetourt County,Troutville Elementary,0.0
Bristol City,Highland View Elementary,0.0055248618784530384
Bristol City,Joseph Van Pelt Elementary,0.0023752969121140144
Bristol City,Stonewall Jackson Elementary,0.0
Bristol City,Virginia High,0.003129890453834116
Bristol City,Virginia Middle,0.00205761316872428
Bristol City,Washington-Lee Elementary,0.004291845493562232
Brunswick County,Brunswick High,0.002277904328018223
Brunswick County,James S. Russell Middle,0.0
Brunswick County,Meherrin Powellton Elementary,0.0
Brunswick County,Red Oak-Sturgeon Elementary,0.0055248618784530384
Brunswick County,Totaro Elementary,0.0
Buchanan County,Council Elementary/Middle,0.0
Buchanan County,Council High,0.0
Buchanan County,Grundy High,0.014084507042253521
Buchanan County,Hurley Elementary/Middle,0.00821917808219178
Buchanan County,Hurley High,0.019704433497536946
Buchanan County,Riverview Elementary/Middle,0.009641873278236915
Buchanan County,Twin Valley Elementary/Middle,0.0
Buchanan County,Twin Valley High,0.005050505050505051
Buckingham County,Buckingham Co Elementary,0.0024271844660194173
Buckingham County,Buckingham Co Prekindergarten Center,0.0
Buckingham County,Buckingham Co Primary,0.006006006006006006
Buckingham County,Buckingham County High,0.0
Buckingham County,Buckingham County Middle,0.003968253968253968
Buena Vista City,Enderly Heights Elementary,0.005405405405405406
Buena Vista City,F.W. Kling Jr. Elementary,0.0
Buena Vista City,Parry McCluer High,0.0
Buena Vista City,Parry McCluer Middle,0.0
Campbell County,Altavista Elementary,0.0
Campbell County,Altavista High,0.0014245014245014246
Campbell County,Brookneal Elementary,0.0
Campbell County,Brookville High,0.001
Campbell County,Brookville Middle,0.0
Campbell County,Concord Elementary,0.0024330900243309003
Campbell County,Leesville Road Elementary,0.0
Campbell County,Rustburg Elementary,0.0
Campbell County,Rustburg High,0.0037267080745341614
Campbell County,Rustburg Middle,0.0049586776859504135
Campbell County,Tomahawk Elementary,0.0
Campbell County,William Campbell High,0.004914004914004914
Campbell County,Yellow Branch Elementary,0.0035650623885918
Caroline County,Bowling Green Elementary,0.0
Caroline County,Caroline High,1.0
Caroline County,Caroline Middle,0.00102880658436214
Caroline County,Lewis and Clark Elementary,0.0
Caroline County,Madison Elementary,0.006802721088435374
Carroll County,Carroll County High,1.0
Carroll County,Carroll County Middle,0.01174934725848564
Carroll County,Fancy Gap Elementary,0.013986013986013986
Carroll County,Gladesboro Elementary,0.00980392156862745
Carroll County,Gladeville Elementary,0.008032128514056224
Carroll County,Hillsville Elementary,0.012658227848101266
Carroll County,Laurel Elementary,0.0
Carroll County,Oakland Elementary,0.01015228426395939
Carroll County,St. Paul,0.006289308176100629
Charles City County,Charles City County Elementary,0.00684931506849315
Charles City County,Charles City County High,0.00423728813559322
Charlotte County,Bacon District Elementary,0.0
Charlotte County,Central Middle,0.010554089709762533
Charlotte County,Eureka Elementary,0.0
Charlotte County,Phenix Elementary,0.0
Charlotte County,Randolph-Henry High,0.003937007874015748
Charlottesville City,Buford Middle,0.005008347245409015
Charlottesville City,Burnley-Moran Elementary,0.0
Charlottesville City,Charlottesville High,1.0
Charlottesville City,Clark Elementary,0.009259259259259259
Charlottesville City,Greenbrier Elementary,0.0
Charlottesville City,Jackson-Via Elementary,0.0
Charlottesville City,Johnson Elementary,0.0
Charlottesville City,Venable Elementary,0.0035335689045936395
Charlottesville City,Walker Upper Elementary,0.0032102728731942215
Chesapeake City,B.M. Williams Primary,0.001152073732718894
Chesapeake City,Butts Road Intermediate,0.0032414910858995136
Chesapeake City,Butts Road Primary,0.0018050541516245488
Chesapeake City,Camelot Elementary,0.006211180124223602
Chesapeake City,Cedar Road Elementary,0.0036452004860267314
Chesapeake City,Crestwood Intermediate,0.0014265335235378032
Chesapeake City,Crestwood Middle,0.003629764065335753
Chesapeake City,Deep Creek Central Elementary,0.0011862396204033216
Chesapeake City,Deep Creek Elementary,0.0025974025974025974
Chesapeake City,Deep Creek High,1.0
Chesapeake City,Deep Creek Middle,0.006234413965087282
Chesapeake City,Edwin W. Chittum Elementary,0.002635046113306983
Chesapeake City,G.A. Treakle Elementary,0.002257336343115124
Chesapeake City,George W. Carver Intermediate,0.003913894324853229
Chesapeake City,Georgetown Primary,0.0028129395218002813
Chesapeake City,Grassfield Elementary,1.0
Chesapeake City,Grassfield High,1.0
Chesapeake City,Great Bridge High,1.0
Chesapeake City,Great Bridge Intermediate,0.002936857562408223
Chesapeake City,Great Bridge Middle,1.0
Chesapeake City,Great Bridge Primary,0.009036144578313253
Chesapeake City,Greenbrier Intermediate,0.001607717041800643
Chesapeake City,Greenbrier Middle,0.002364066193853428
Chesapeake City,Greenbrier Primary,0.0014792899408284023
Chesapeake City,Hickory Elementary,0.0
Chesapeake City,Hickory High,
Chesapeake City,Hickory Middle,
Chesapeake City,Hugo A. Owens Middle,1.0
Chesapeake City,Indian River High,1.0
Chesapeake City,Indian River Middle,0.0026917900403768506
Chesapeake City,Jolliff Middle,0.0
Chesapeake City,Norfolk Highlands Primary,0.0
Chesapeake City,Oscar F. Smith High,1.0
Chesapeake City,Oscar Smith Middle,1.0
Chesapeake City,Portlock Primary,0.0
Chesapeake City,Rena B. Wright Primary,0.0034129692832764505
Chesapeake City,Southeastern Elementary,0.004830917874396135
Chesapeake City,Southwestern Elementary,0.0036496350364963502
Chesapeake City,Sparrow Road Intermediate,0.0
Chesapeake City,Thurgood Marshall Elementary,0.002325581395348837
Chesapeake City,Truitt Intermediate,0.0038022813688212928
Chesapeake City,Western Branch High,1.0
Chesapeake City,Western Branch Intermediate,0.008097165991902834
Chesapeake City,Western Branch Middle,0.001098901098901099
Chesapeake City,Western Branch Primary,0.004005340453938585
Chesterfield County,A.M. Davis Elementary,0.0028089887640449437
Chesterfield County,Alberta Smith Elementary,0.001594896331738437
Chesterfield County,Bailey Bridge Middle,
Chesterfield County,Bellwood Elementary,0.0
Chesterfield County,Bensley Elementary,0.0
Chesterfield County,Bettie Weaver Elementary,0.0
Chesterfield County,Beulah Elementary,0.001034126163391934
Chesterfield County,Bon Air Elementary,0.0
Chesterfield County,C.C. Wells Elementary,0.003115264797507788
Chesterfield County,C.E. Curtis Elementary,0.001483679525222552
Chesterfield County,Carver College and Career Academy,0.01904761904761905
Chesterfield County,Carver Middle,
Chesterfield County,Chester Early Childhood Learning Academy,0.0
Chesterfield County,Clover Hill Elementary,0.0
Chesterfield County,Clover Hill High,
Chesterfield County,Cosby High,1.0
Chesterfield County,Crestwood Elementary,0.0
Chesterfield County,Ecoff Elementary,0.004054054054054054
Chesterfield County,Elizabeth Davis Middle,
Chesterfield County,Elizabeth Scott Elementary,0.0
Chesterfield County,Enon Elementary,0.0
Chesterfield County,Ettrick Elementary,0.0
Chesterfield County,Evergreen Elementary,0.0
Chesterfield County,Falling Creek Elementary,0.0
Chesterfield County,Falling Creek Middle,
Chesterfield County,Grange Hall Elementary,0.0
Chesterfield County,Greenfield Elementary,0.0020325203252032522
Chesterfield County,Harrowgate Elementary,0.0
Chesterfield County,Hopkins Road Elementary,0.0
Chesterfield County,J.A. Chalkley Elementary,0.0
Chesterfield County,J.B. Watkins Elementary,0.0
Chesterfield County,J.G. Hening Elementary,0.0024479804161566705
Chesterfield County,Jacobs Road Elementary,0.0014388489208633094
Chesterfield County,James River High,1.0
Chesterfield County,Lloyd C. Bird High,
Chesterfield County,Manchester High,
Chesterfield County,Manchester Middle,
Chesterfield County,Marguerite F. Christian Elementary,0.0
Chesterfield County,Matoaca Elementary,0.0052173913043478265
Chesterfield County,Matoaca High,1.0
Chesterfield County,Matoaca Middle,0.002176278563656148
Chesterfield County,Meadowbrook High,
Chesterfield County,Midlothian High,
Chesterfield County,Midlothian Middle,
Chesterfield County,Monacan High,1.0
Chesterfield County,O.B. Gates Elementary,0.0
Chesterfield County,Old Hundred Elementary,0.0
Chesterfield County,Providence Elementary,0.0
Chesterfield County,Providence Middle,
Chesterfield County,Reams Road Elementary,0.0
Chesterfield County,Robious Elementary,0.0
Chesterfield County,Robious Middle,
Chesterfield County,Salem Church Elementary,0.0019305019305019305
Chesterfield County,Salem Church Middle,0.001122334455667789
Chesterfield County,Spring Run Elementary,0.001141552511415525
Chesterfield County,Swift Creek Elementary,0.0
Chesterfield County,Swift Creek Middle,1.0
Chesterfield County,Thelma Crenshaw Elementary,0.01337295690936107
Chesterfield County,Thomas Dale High,1.0
Chesterfield County,Tomahawk Creek Middle,
Chesterfield County,W.W. Gordon Elementary,0.0
Chesterfield County,Winterpock Elementary,
Chesterfield County,Woolridge Elementary,0.0
Clarke County,Boyce Elementary,0.003257328990228013
Clarke County,Clarke County High,0.0
Clarke County,D.G. Cooley Elementary,0.004640371229698376
Clarke County,Johnson-Williams Middle,0.002398081534772182
Colonial Beach,Colonial Beach Elementary,0.0
Colonial Beach,Colonial Beach High,0.0
Colonial Heights City,Colonial Heights High,0.002398081534772182
Colonial Heights City,Colonial Heights Middle,0.0030581039755351682
Colonial Heights City,Lakeview Elementary,0.0
Colonial Heights City,North Elementary,0.0
Colonial Heights City,Tussing Elementary,0.006802721088435374
Covington City,Covington High,0.0028653295128939827
Covington City,Edgemont Primary,0.0031746031746031746
Covington City,Jeter-Watson Intermediate,0.0
Craig County,Craig County High,0.013333333333333334
Craig County,McCleary Elementary,0.023474178403755867
Culpeper County,A.G. Richardson Elementary,0.0
Culpeper County,Culpeper County High,1.0
Culpeper County,Culpeper Middle,1.0
Culpeper County,Eastern View High,1.0
Culpeper County,Emerald Hill Elementary,0.0
Culpeper County,Farmington Elementary,0.002036659877800407
Culpeper County,Floyd T. Binns Middle,0.0023923444976076554
Culpeper County,Galbreath-Marshall Building,0.0
Culpeper County,Pearl Sample Elementary,0.0
Culpeper County,Sycamore Park Elementary,0.0028735632183908046
Culpeper County,Yowell Elementary,0.0015360983102918587
Cumberland County,Cumberland Elementary,0.0040650406504065045
Cumberland County,Cumberland High,0.008086253369272238
Cumberland County,Cumberland Middle,0.002898550724637681
Danville City,Edwin A. Gibson Elementary,0.0
Danville City,Forest Hills Elementary,0.0
Danville City,G.L.H. Johnson Elementary,0.001937984496124031
Danville City,Galileo Magnet High,0.00398406374501992
Danville City,George Washington High,1.0
Danville City,Grove Park Preschool,0.008403361344537815
Danville City,O. Trent Bonner Middle,0.0013774104683195593
Danville City,Park Avenue Elementary,0.007614213197969543
Danville City,Schoolfield Elementary,0.003968253968253968
Danville City,The Northside Preschool,0.0
Danville City,Westwood Middle,0.0017825311942959
Danville City,Woodberry Hills Elementary,0.0
Dickenson County,Clintwood Elementary,0.002364066193853428
Dickenson County,Ervinton Elementary,0.0
Dickenson County,Ridgeview High,0.006644518272425249
Dickenson County,Ridgeview Middle,0.004728132387706856
Dickenson County,Sandlick Elementary,0.00267379679144385
Dinwiddie County,Dinwiddie County High,1.0
Dinwiddie County,Dinwiddie County Middle,0.0021390374331550803
Dinwiddie County,Dinwiddie Elementary,0.005847953216374269
Dinwiddie County,Midway Elementary,0.0
Dinwiddie County,Southside Elementary,0.0
Dinwiddie County,Sunnyside Elementary,0.011406844106463879
Dinwiddie County,Sutherland Elementary,0.0055658627087198514
Essex County,Essex High,0.0
Essex County,James H. Cary Intermediate,0.005479452054794521
Essex County,Tappahannock Elementary,0.0019230769230769232
Fairfax County,Aldrin Elementary,0.0
Fairfax County,Annandale High,1.0
Fairfax County,Annandale Terrace Elementary,0.0
Fairfax County,Archer Elementary,0.0
Fairfax County,Armstrong Elementary,0.0
Fairfax County,Bailey's Elementary School for the Arts and Sciences,0.0
Fairfax County,Bailey's Upper Elementary School for the Arts and Sciences,0.0
Fairfax County,Beech Tree Elementary,0.0027397260273972603
Fairfax County,Belle View Elementary,0.0024154589371980675
Fairfax County,Belvedere Elementary,0.0
Fairfax County,Bonnie Brae Elementary,0.0
Fairfax County,Braddock Elementary,0.0011668611435239206
Fairfax County,Bren Mar Park Elementary,0.0
Fairfax County,Brookfield Elementary,0.0013513513513513514
Fairfax County,Bryant High,0.02857142857142857
Fairfax County,Bucknell Elementary,0.0
Fairfax County,Bull Run Early Childhood Resource Center,0.0
Fairfax County,Bull Run Elementary,0.0
Fairfax County,Bush Hill Elementary,0.0
Fairfax County,Camelot Elementary,0.0
Fairfax County,Cameron Elementary,0.0
Fairfax County,Canterbury Woods Elementary,0.0
Fairfax County,Cardinal Forest Elementary,0.0017035775127768314
Fairfax County,Carson Middle,1.0
Fairfax County,Centre Ridge Elementary,0.0
Fairfax County,Centreville Elementary,0.003787878787878788
Fairfax County,Centreville High,
Fairfax County,Chantilly High,1.0
Fairfax County,Cherry Run Elementary,0.0
Fairfax County,Chesterbrook Elementary,0.0
Fairfax County,Churchill Road Elementary,0.0
Fairfax County,Clearview Elementary,0.0
Fairfax County,Clermont Elementary,0.001851851851851852
Fairfax County,Coates Elementary,0.0
Fairfax County,Columbia Elementary,0.0
Fairfax County,Colvin Run Elementary,0.0
Fairfax County,Cooper Middle,1.0
Fairfax County,Crestwood Elementary,0.0
Fairfax County,Crossfield Elementary,0.0
Fairfax County,Cub Run Elementary,0.0
Fairfax County,Cunningham Park Elementary,0.0
Fairfax County,Daniels Run Elementary,0.0
Fairfax County,Deer Park Elementary,0.0
Fairfax County,Dogwood Elementary,0.0
Fairfax County,Dranesville Elementary,0.0016207455429497568
Fairfax County,Dunn Loring Early Childhood Resource Center,0.0
Fairfax County,Eagle View Elementary,0.0
Fairfax County,Edison High,1.0
Fairfax County,Fairfax County Adult High,0.007042253521126761
Fairfax County,Fairfax High,1.0
Fairfax County,Fairfax Villa Elementary,0.0
Fairfax County,Fairhill Elementary,0.0
Fairfax County,Fairview Elementary,0.001388888888888889
Fairfax County,Falls Church High,1.0
Fairfax County,Flint Hill Elementary,0.0
Fairfax County,Floris Elementary,0.0
Fairfax County,Forest Edge Elementary,0.0021008403361344537
Fairfax County,Forestdale Elementary,0.0019193857965451055
Fairfax County,Forestville Elementary,0.0
Fairfax County,Fort Belvoir Elementary,0.0
Fairfax County,Fort Belvoir Upper Elementary,0.0
Fairfax County,Fort Hunt Elementary,0.0019723865877712033
Fairfax County,Fox Mill Elementary,0.0017152658662092624
Fairfax County,Franconia Elementary,0.0
Fairfax County,Franklin Middle,0.0
Fairfax County,Freedom Hill Elementary,0.0
Fairfax County,Frost Middle,
Fairfax County,Garfield Elementary,0.0
Fairfax County,Glasgow Middle,1.0
Fairfax County,Glen Forest Elementary,0.0022753128555176336
Fairfax County,Graham Road Elementary,0.0
Fairfax County,Great Falls Elementary,0.0
Fairfax County,Greenbriar East Elementary,0.0
Fairfax County,Greenbriar West Elementary,0.0
Fairfax County,Groveton Elementary,0.0013280212483399733
Fairfax County,Gunston Elementary,0.0
Fairfax County,Halley Elementary,0.0
Fairfax County,Haycock Elementary,0.0
Fairfax County,Hayfield Elementary,0.0015151515151515152
Fairfax County,Hayfield Secondary,1.0
Fairfax County,Herndon Elementary,0.003931847968545216
Fairfax County,Herndon High,1.0
Fairfax County,Herndon Middle,1.0
Fairfax County,Hollin Meadows Elementary,0.0016207455429497568
Fairfax County,Holmes Middle,0.0
Fairfax County,Hughes Middle,0.0010245901639344263
Fairfax County,Hunt Valley Elementary,0.0014992503748125937
Fairfax County,Hunters Woods Elementary School for the Arts and Sciences,0.0013605442176870747
Fairfax County,Hutchison Elementary,1.0
Fairfax County,Hybla Valley Elementary,0.0
Fairfax County,Irving Middle,
Fairfax County,Island Creek Elementary,0.005633802816901409
Fairfax County,Jackson Middle,1.0
Fairfax County,Johnson Middle,
Fairfax County,Justice High,1.0
Fairfax County,Keene Mill Elementary,0.0
Fairfax County,Kent Gardens Elementary,
Fairfax County,Key Center,0.0
Fairfax County,Key Middle,0.0
Fairfax County,Kilmer Center,0.0
Fairfax County,Kilmer Middle,1.0
Fairfax County,Kings Glen Elementary,0.007712082262210797
Fairfax County,Kings Park Elementary,0.0
Fairfax County,Lake Anne Elementary,0.0017761989342806395
Fairfax County,Lake Braddock Secondary,1.0
Fairfax County,Lane Elementary,0.0
Fairfax County,Langley High,
Fairfax County,Laurel Hill Elementary,0.0
Fairfax County,Laurel Ridge Elementary,0.0025575447570332483
Fairfax County,Lees Corner Elementary,0.0
Fairfax County,Lemon Road Elementary,0.0
Fairfax County,Lewis High,
Fairfax County,Liberty Middle,0.0
Fairfax County,Little Run Elementary,0.0
Fairfax County,London Towne Elementary,0.0
Fairfax County,Longfellow Middle,1.0
Fairfax County,Lorton Station Elementary,0.001326259946949602
Fairfax County,Lynbrook Elementary,0.001694915254237288
Fairfax County,Madison High,
Fairfax County,Mantua Elementary,0.0
Fairfax County,Marshall High,
Fairfax County,Marshall Road Elementary,0.0
Fairfax County,Mason Crest Elementary,0.0
Fairfax County,McLean High,
Fairfax County,McNair Elementary,0.0
Fairfax County,McNair Upper Elementary,0.0
Fairfax County,Mosaic Elementary,0.0
Fairfax County,Mount Eagle Elementary,0.0
Fairfax County,Mount Vernon High,1.0
Fairfax County,Mount Vernon Woods Elementary,0.0016420361247947454
Fairfax County,Mountain View High,0.012987012987012988
Fairfax County,Navy Elementary,0.0
Fairfax County,Newington Forest Elementary,0.0
Fairfax County,North Springfield Elementary,0.0021929824561403508
Fairfax County,Oak Hill Elementary,0.0
Fairfax County,Oak View Elementary,0.001282051282051282
Fairfax County,Oakton Elementary,0.0013351134846461949
Fairfax County,Oakton High,1.0
Fairfax County,Olde Creek Elementary,0.0
Fairfax County,Orange Hunt Elementary,0.0
Fairfax County,Parklawn Elementary,0.0
Fairfax County,Pimmit Early Childhood Resource Center,0.0
Fairfax County,Pine Spring Elementary,0.0
Fairfax County,Poe Middle,0.001148105625717566
Fairfax County,Poplar Tree Elementary,0.0
Fairfax County,Powell Elementary,0.0
Fairfax County,Providence Elementary,0.0
Fairfax County,Ravensworth Elementary,0.0016666666666666668
Fairfax County,Riverside Elementary,0.0
Fairfax County,Robinson Secondary,1.0
Fairfax County,Rocky Run Middle,
Fairfax County,Rolling Valley Elementary,0.005154639175257732
Fairfax County,Rose Hill Elementary,0.0
Fairfax County,Sandburg Middle,1.0
Fairfax County,Sangster Elementary,0.0
Fairfax County,Saratoga Elementary,0.0033333333333333335
Fairfax County,Sherman Elementary,0.0
Fairfax County,Shrevewood Elementary,0.0
Fairfax County,Silverbrook Elementary,0.0
Fairfax County,Sleepy Hollow Elementary,0.0
Fairfax County,South County High,1.0
Fairfax County,South County Middle,0.004106776180698152
Fairfax County,South Lakes High,1.0
Fairfax County,Spring Hill Elementary,0.0
Fairfax County,Springfield Estates Elementary,0.0
Fairfax County,Stenwood Elementary,0.0
Fairfax County,Stone Middle,0.0
Fairfax County,Stratford Landing Elementary,0.0
Fairfax County,Sunrise Valley Elementary,0.0
Fairfax County,Terra Centre Elementary,0.0
Fairfax County,Terraset Elementary,0.00505902192242833
Fairfax County,Thomas Jefferson High for Science and Technology,
Fairfax County,Thoreau Middle,
Fairfax County,Timber Lane Elementary,0.0016556291390728477
Fairfax County,Twain Middle,1.0
Fairfax County,Union Mill Elementary,0.0011534025374855825
Fairfax County,Vienna Elementary,0.0
Fairfax County,Virginia Hills Early Childhood Resource Center,0.0
Fairfax County,Virginia Run Elementary,0.0
Fairfax County,Wakefield Forest Elementary,0.0
Fairfax County,Waples Mill Elementary,0.0
Fairfax County,Washington Mill Elementary,0.0
Fairfax County,Waynewood Elementary,0.0
Fairfax County,West Potomac High,1.0
Fairfax County,West Springfield Elementary,0.0
Fairfax County,West Springfield High,1.0
Fairfax County,Westbriar Elementary,0.0
Fairfax County,Westfield High,1.0
Fairfax County,Westgate Elementary,0.0
Fairfax County,Westlawn Elementary,0.0
Fairfax County,Weyanoke Elementary,0.0
Fairfax County,White Oaks Elementary,0.0
Fairfax County,Whitman Middle,0.003409090909090909
Fairfax County,Willow Springs Elementary,0.0
Fairfax County,Wolftrap Elementary,0.0
Fairfax County,Woodburn Elementary,0.0
Fairfax County,Woodlawn Elementary,0.00404040404040404
Fairfax County,Woodley Hills Elementary,0.00199203187250996
Fairfax County,Woodson High,1.0
Falls Church City,Jessie Thackrey  Preschool,0.0
Falls Church City,Mary Ellen Henderson Middle,0.0
Falls Church City,Meridian High,0.002355712603062426
Falls Church City,Mount Daniel Elementary,0.00205761316872428
Falls Church City,Oak Street Elementary,0.0
Fauquier County,Auburn Middle,0.0
Fauquier County,C. Hunter Ritchie Elementary,0.0020408163265306124
Fauquier County,C.M. Bradley Elementary,0.0
Fauquier County,Cedar Lee Middle,0.0015772870662460567
Fauquier County,Claude Thompson Elementary,0.0
Fauquier County,Fauquier High,
Fauquier County,Grace Miller Elementary,0.005928853754940711
Fauquier County,Greenville Elementary,0.004048582995951417
Fauquier County,H.M. Pearson Elementary,0.0
Fauquier County,James G. Brumfield Elementary,0.0
Fauquier County,Kettle Run High,1.0
Fauquier County,Liberty High,1.0
Fauquier County,Margaret M. Pierce Elementary,0.0038240917782026767
Fauquier County,Marshall Middle,0.002320185614849188
Fauquier County,Mary Walter Elementary,0.004796163069544364
Fauquier County,P.B. Smith Elementary,0.0023584905660377358
Fauquier County,W.C. Taylor Middle,0.008791208791208791
Fauquier County,W.G. Coleman Elementary,0.0
Fauquier County,Warrenton Middle,0.0026246719160104987
Floyd County,Check Elementary,0.0
Floyd County,Floyd County High,0.00395778364116095
Floyd County,Floyd Elementary,0.008771929824561403
Floyd County,Indian Valley Elementary,0.01680672268907563
Floyd County,Willis Elementary,0.0
Fluvanna County,Carysbrook Elementary,0.0022271714922048997
Fluvanna County,Central Elementary,0.007317073170731708
Fluvanna County,Fluvanna County High,1.0
Fluvanna County,Fluvanna Middle,0.004005340453938585
Fluvanna County,West Central Primary,0.0
Franklin City,Franklin High,0.010101010101010102
Franklin City,Joseph P. King Jr. Middle,0.004347826086956522
Franklin City,S.P. Morton Elementary,0.0
Franklin County,Benjamin Franklin Middle,1.0
Franklin County,Boones Mill Elementary,0.0036101083032490976
Franklin County,Burnt Chimney Elementary,0.00398406374501992
Franklin County,Callaway Elementary,0.0
Franklin County,Dudley Elementary,0.0
Franklin County,Ferrum Elementary,0.009302325581395349
Franklin County,Franklin County High,1.0
Franklin County,Glade Hill Elementary,0.0
Franklin County,Henry Elementary,0.0
Franklin County,Lee M. Waid Elementary,0.012953367875647668
Franklin County,Rocky Mount Elementary,0.0
Franklin County,Snow Creek Elementary,0.0
Franklin County,Sontag Elementary,0.0
Franklin County,Windy Gap Elementary,0.0
Frederick County,Admiral Richard E. Byrd Middle,0.0
Frederick County,Apple Pie Ridge Elementary,0.002369668246445498
Frederick County,Armel Elementary,0.0
Frederick County,Bass-Hoover Elementary,0.0034423407917383822
Frederick County,Evendale Elementary,0.0019646365422396855
Frederick County,Frederick County Middle,0.0012804097311139564
Frederick County,Gainesboro Elementary,0.004524886877828055
Frederick County,Greenwood Mill Elementary,0.003367003367003367
Frederick County,Indian Hollow Elementary,0.0
Frederick County,James Wood High,1.0
Frederick County,James Wood Middle,0.0012224938875305623
Frederick County,Jordan Springs Elementary,0.001949317738791423
Frederick County,Middletown Elementary,0.0
Frederick County,Millbrook High,1.0
Frederick County,Orchard View Elementary,0.0
Frederick County,Redbud Run Elementary,0.0017391304347826088
Frederick County,Robert E. Aylor Middle,0.0023752969121140144
Frederick County,Sherando High,1.0
Frederick County,Stonewall Elementary,0.0
Fredericksburg City,Hugh Mercer Elementary,0.001145475372279496
Fredericksburg City,James Monroe High,1.0
Fredericksburg City,Lafayette Elementary,0.0024937655860349127
Fredericksburg City,Walker-Grant Early Childhood Center,0.0
Fredericksburg City,Walker-Grant Middle,0.0038363171355498722
Galax City,Galax Elementary,0.00904977375565611
Galax City,Galax High,0.008021390374331552
Galax City,Galax Middle,0.015723270440251572
Giles County,Eastern Elementary/Middle,0.002688172043010753
Giles County,Giles High,0.0014245014245014246
Giles County,Macy Mcclaugherty Elementary/Middle,0.004884004884004884
Giles County,Narrows Elementary/Middle,0.009523809523809525
Giles County,Narrows High,0.0
Gloucester County,Abingdon Elementary,0.0
Gloucester County,Achilles Elementary,0.0
Gloucester County,Bethel Elementary,0.0
Gloucester County,Botetourt Elementary,0.0017793594306049821
Gloucester County,Gloucester High,
Gloucester County,Page Middle,0.0
Gloucester County,Peasley Middle,0.001594896331738437
Gloucester County,Petsworth Elementary,0.0058997050147492625
Goochland County,Byrd Elementary,0.0
Goochland County,Goochland Elementary,0.0
Goochland County,Goochland High,0.004629629629629629
Goochland County,Goochland Middle,0.0016420361247947454
Goochland County,Randolph Elementary,0.0
Grayson County,Fairview Elementary,0.0
Grayson County,Fries Elementary,0.0
Grayson County,Grayson County High,0.006622516556291391
Grayson County,Grayson Highlands,0.0
Grayson County,Independence Elementary,0.0
Grayson County,Independence Middle,0.0
Greene County,Nathanael Greene Elementary,0.00303951367781155
Greene County,Nathanael Greene Primary,0.002680965147453083
Greene County,Ruckersville Elementary,0.005681818181818182
Greene County,William Monroe High,0.0031413612565445027
Greene County,William Monroe Middle,0.0014044943820224719
Greensville County,Belfield Elementary,0.018404907975460124
Greensville County,Edward W. Wyatt Middle,0.0081799591002045
Greensville County,Greensville County High,0.0
Greensville County,Greensville Elementary,0.0037313432835820895
Halifax County,Clays Mill Elementary,0.006369426751592357
Halifax County,Cluster Springs Elementary,0.0019157088122605363
Halifax County,Halifax County High,1.0
Halifax County,Halifax County Middle,1.0
Halifax County,Meadville Elementary,0.017142857142857144
Halifax County,Scottsburg Elementary,0.0
Halifax County,Sinai Elementary,0.0
Halifax County,South Boston Elementary,0.001639344262295082
Halifax County,South Boston/Halifax Early Learning Center,0.0
Halifax County,Sydnor Jennings Elementary,0.0
Hampton City,A.W.E. Bassette Elementary,0.0
Hampton City,Aberdeen Elementary,0.0
Hampton City,Albert W. Patrick III Elementary,0.00510204081632653
Hampton City,Alfred S. Forrest Elementary,0.0
Hampton City,Armstrong Elementary,0.0
Hampton City,Barron Elementary,0.002785515320334262
Hampton City,Benjamin Syms Middle,0.0041109969167523125
Hampton City,Bethel High,1.0
Hampton City,C. Alton Lindsay Middle,0.0041265474552957355
Hampton City,Captain John Smith Elementary,0.002717391304347826
Hampton City,Cesar Tarrant Middle,0.001402524544179523
Hampton City,Christopher C. Kraft Elementary,0.0
Hampton City,Francis Asbury Elementary,0.002320185614849188
Hampton City,Francis W. Jones Magnet Middle,0.0
Hampton City,George P. Phenix Elementary,1.0
Hampton City,Hampton High,1.0
Hampton City,Hunter B. Andrews,1.0
Hampton City,Jane H. Bryan Elementary,0.0024154589371980675
Hampton City,Kecoughtan High,1.0
Hampton City,Luther W. Machen Elementary,0.004454342984409799
Hampton City,Mary S. Peake Elementary,0.009523809523809525
Hampton City,Mary T. Christian Elementary,0.0
Hampton City,Mary W. Jackson Elementary,0.0
Hampton City,Moton Early Childhood Center,0.0
Hampton City,Paul Burbank Elementary,0.002512562814070352
Hampton City,Phillips Elementary,0.0
Hampton City,Phoebus High,1.0
Hampton City,Samuel P. Langley Elementary,0.004210526315789474
Hampton City,Thomas Eaton Middle,0.0018148820326678765
Hampton City,William Mason Cooper Elementary,0.0028011204481792717
Hanover County,Atlee High,1.0
Hanover County,Battlefield Park Elementary,0.0
Hanover County,Beaverdam Elementary,0.0
Hanover County,Bell Creek Middle,0.0010235414534288639
Hanover County,Chickahominy Middle,
Hanover County,Cold Harbor Elementary,0.0
Hanover County,Cool Spring Elementary,0.0
Hanover County,Elmont Elementary,0.0
Hanover County,Hanover High,
Hanover County,Henry Clay Elementary,0.00546448087431694
Hanover County,John M. Gandy Elementary,0.0
Hanover County,Kersey Creek Elementary,0.0042796005706134095
Hanover County,Laurel Meadow Elementary,0.0018315018315018315
Hanover County,Liberty Middle,0.0020768431983385254
Hanover County,Mechanicsville Elementary,0.0
Hanover County,Mechanicsville High,
Hanover County,Oak Knoll Middle,0.0
Hanover County,Patrick Henry High,
Hanover County,Pearson's Corner Elementary,0.0
Hanover County,Pole Green Elementary,0.0019342359767891683
Hanover County,Rural Point Elementary,0.0
Hanover County,South Anna Elementary,0.0
Hanover County,Washington-Henry Elementary,0.0
Harrisonburg City,Bluestone Elementary,0.0
Harrisonburg City,Harrisonburg High,1.0
Harrisonburg City,Keister Elementary,0.0
Harrisonburg City,Skyline Middle,0.0013679890560875513
Harrisonburg City,Smithland Elementary,0.0012642225031605564
Harrisonburg City,Spotswood Elementary,0.002074688796680498
Harrisonburg City,Stone Spring Elementary,0.0
Harrisonburg City,Thomas Harrison Middle,0.0
Harrisonburg City,Waterman Elementary,0.0019083969465648854
Henrico County,Anthony P. Mehfoud Elementary,0.0030959752321981426
Henrico County,Arthur Ashe Jr. Elementary,0.001976284584980237
Henrico County,Brookland Middle,1.0
Henrico County,Cashell Donahoe Elementary,0.00546448087431694
Henrico County,Chamberlayne Elementary,0.0031545741324921135
Henrico County,Charles M. Johnson Elementary,0.002398081534772182
Henrico County,Colonial Trail Elementary,0.0
Henrico County,Crestview Elementary,0.0
Henrico County,David A. Kaechele Elementary,0.00202020202020202
Henrico County,Deep Run High,1.0
Henrico County,Douglas S. Freeman High,1.0
Henrico County,Dumbarton Elementary,0.0016611295681063123
Henrico County,Echo Lake Elementary,0.0
Henrico County,Elizabeth Holladay Elementary,0.0012853470437017994
Henrico County,Elko Middle,0.0054869684499314125
Henrico County,Fair Oaks Elementary,0.0
Henrico County,Fairfield Middle,1.0
Henrico County,Gayton Elementary,0.0018315018315018315
Henrico County,George F. Baker Elementary,0.007371007371007371
Henrico County,George H. Moody Middle,
Henrico County,Glen Allen Elementary,0.0
Henrico County,Glen Allen High,1.0
Henrico County,Glen Lea Elementary,0.0
Henrico County,Greenwood Elementary,0.008488964346349746
Henrico County,Harold Macon Ratcliffe Elementary,0.007042253521126761
Henrico County,Harvie Elementary,0.001941747572815534
Henrico County,Henrico High,1.0
Henrico County,Henry D. Ward Elementary,0.003992015968063872
Henrico County,Hermitage High,1.0
Henrico County,Highland Springs Elementary,0.0037174721189591076
Henrico County,Highland Springs High,1.0
Henrico County,Holman Middle,0.003500583430571762
Henrico County,Hungary Creek Middle,0.0011494252873563218
Henrico County,Jackson Davis Elementary,0.0
Henrico County,Jacob L. Adams Elementary,0.0
Henrico County,John Randolph Tucker High,1.0
Henrico County,John Rolfe Middle,0.006779661016949152
Henrico County,L. Douglas Wilder Middle,0.0
Henrico County,Laburnum Elementary,0.004329004329004329
Henrico County,Lakeside Elementary,0.0024691358024691358
Henrico County,Longdale Elementary,0.0
Henrico County,Maude Trevvett Elementary,0.003787878787878788
Henrico County,Maybeury Elementary,0.0
Henrico County,Mills E. Godwin High,1.0
Henrico County,Montrose Elementary,0.00558659217877095
Henrico County,Nuckols Farm Elementary,0.0035149384885764497
Henrico County,Pemberton Elementary,0.0
Henrico County,Pinchbeck Elementary,0.0
Henrico County,Pocahontas Middle,0.0
Henrico County,Quioccasin Middle,1.0
Henrico County,R.C. Longan Elementary,0.0
Henrico County,Ridge Elementary,0.0022123893805309734
Henrico County,Rivers Edge Elementary,0.0
Henrico County,Ruby F. Carver Elementary,0.006382978723404255
Henrico County,Sandston Elementary,0.0
Henrico County,Seven Pines Elementary,0.008174386920980926
Henrico County,Shady Grove Elementary,0.0
Henrico County,Short Pump Elementary,0.0
Henrico County,Short Pump Middle,
Henrico County,Skipwith Elementary,0.0
Henrico County,Springfield Park Elementary,0.0
Henrico County,Three Chopt Elementary,0.0
Henrico County,Tuckahoe Elementary,0.0016501650165016502
Henrico County,Tuckahoe Middle,1.0
Henrico County,Twin Hickory Elementary,0.0
Henrico County,Varina Elementary,0.0
Henrico County,Varina High,1.0
Henry County,Axton Elementary,0.005291005291005291
Henry County,Bassett High,1.0
Henry County,Campbell Court Elementary,0.010948905109489052
Henry County,Drewry Mason Elementary,0.0196078431372549
Henry County,Fieldale-Collinsville Middle,0.00834326579261025
Henry County,G.W. Carver Elementary,0.013245033112582781
Henry County,Laurel Park Middle,0.007425742574257425
Henry County,Magna Vista High,1.0
Henry County,Meadow View Elementary,0.0182370820668693
Henry County,Mount Olivet Elementary,0.0
Henry County,Rich Acres Elementary,0.011904761904761904
Henry County,Sanville Elementary,0.0
Henry County,Stanleytown Elementary,0.003875968992248062
Highland County,Highland Elementary,0.0
Highland County,Highland High,0.0
Hopewell City,Carter G. Woodson Middle,0.0023391812865497076
Hopewell City,Dupont Elementary,0.0016313213703099511
Hopewell City,Harry E. James Elementary,0.0018587360594795538
Hopewell City,Hopewell High,1.0
Hopewell City,Patrick Copeland Elementary,0.0016611295681063123
Hopewell City,Woodlawn Pre-School Learning Center,0.0
Isle of Wight County,Carrollton Elementary,0.0
Isle of Wight County,Carrsville Elementary,0.0
Isle of Wight County,Georgie D. Tyler Middle,0.005305039787798408
Isle of Wight County,Hardy Elementary,0.001890359168241966
Isle of Wight County,Smithfield High,1.0
Isle of Wight County,Smithfield Middle,0.00641025641025641
Isle of Wight County,Westside Elementary,0.0
Isle of Wight County,Windsor Elementary,0.0
Isle of Wight County,Windsor High,0.0
King George County,King George Elementary,0.001388888888888889
King George County,King George High,1.0
King George County,King George Middle,
King George County,Potomac Elementary,0.0
King George County,Sealston Elementary,0.0027210884353741495
King William County,Acquinton Elementary,0.0
King William County,Cool Spring Primary,0.0
King William County,Hamilton Holmes Middle,0.0
King William County,King William High,0.0014705882352941176
King and Queen County,Central High,0.0
King and Queen County,King & Queen Elementary,0.0
King and Queen County,Lawson-Marriott Elementary,0.0
Lancaster County,Lancaster High,0.0
Lancaster County,Lancaster Middle,0.0
Lancaster County,Lancaster Primary,0.0
Lee County,Dryden Elementary,0.00398406374501992
Lee County,Elk Knob Elementary,0.013793103448275862
Lee County,Elydale Middle,0.02857142857142857
Lee County,Flatwoods Elementary,0.014035087719298246
Lee County,Jonesville Middle,0.02531645569620253
Lee County,Lee High,0.03535353535353535
Lee County,Pennington Middle,0.026402640264026403
Lee County,Rose Hill Elementary,0.0
Lee County,St. Charles Elementary,0.0
Lee County,Thomas Walker High,0.03806228373702422
Lexington City,Harrington Waddell Elementary,0.0
Lexington City,Lylburn Downing Middle,0.0
Lexington City,Rockbridge County High,0.0
Loudoun County,Aldie Elementary,0.0
Loudoun County,Algonkian Elementary,0.0
Loudoun County,Arcola Elementary,0.0010504201680672268
Loudoun County,Ashburn Elementary,0.003875968992248062
Loudoun County,Ball's Bluff Elementary,0.0
Loudoun County,Banneker Elementary,0.0
Loudoun County,Belmont Ridge Middle,1.0
Loudoun County,Belmont Station Elementary,0.0
Loudoun County,Blue Ridge Middle,0.0
Loudoun County,Brambleton Middle,1.0
Loudoun County,Briar Woods High,
Loudoun County,Broad Run High,
Loudoun County,Buffalo Trail Elementary,0.0
Loudoun County,Cardinal Ridge Elementary,0.0
Loudoun County,Catoctin Elementary,0.0
Loudoun County,Cedar Lane Elementary,0.0
Loudoun County,Cool Spring Elementary,0.0
Loudoun County,Countryside Elementary,0.0
Loudoun County,Creighton's Corner Elementary,
Loudoun County,Discovery Elementary,0.0
Loudoun County,Dominion High,
Loudoun County,Dominion Trail Elementary,0.0
Loudoun County,Eagle Ridge Middle,
Loudoun County,Emerick Elementary,0.0
Loudoun County,Evergreen Mill Elementary,0.0033613445378151263
Loudoun County,Farmwell Station Middle,
Loudoun County,Forest Grove Elementary,0.0
Loudoun County,Frances Hazel Reid Elementary,0.0
Loudoun County,Frederick Douglass Elementary,0.0
Loudoun County,Freedom High,1.0
Loudoun County,Goshen Post Elementary,0.0
Loudoun County,Guilford Elementary,0.0
Loudoun County,Hamilton Elementary,0.0
Loudoun County,Harmony Middle,1.0
Loudoun County,Harper Park Middle,0.0032679738562091504
Loudoun County,Heritage High,1.0
Loudoun County,Hillsboro Charter Academy,0.0
Loudoun County,Hillside Elementary,0.0
Loudoun County,Horizon Elementary,0.0
Loudoun County,Hovatter Elementary,
Loudoun County,Hutchison Farm Elementary,0.0
Loudoun County,Independence High,1.0
Loudoun County,J. Lupton Simpson Middle,0.0
Loudoun County,J. Michael Lunsford Middle,1.0
Loudoun County,John Champe High,1.0
Loudoun County,John W. Tolbert Jr. Elementary,0.0
Loudoun County,Kenneth W.Culbert Elementary,0.011337868480725623
Loudoun County,Leesburg Elementary,0.0
Loudoun County,Legacy Elementary,0.0
Loudoun County,Liberty Elementary,0.0011074197120708748
Loudoun County,Lightridge High,
Loudoun County,Lincoln Elementary,0.0
Loudoun County,Little River Elementary,0.004418262150220913
Loudoun County,Loudoun County High,1.0
Loudoun County,Loudoun Valley High,
Loudoun County,Lovettsville Elementary,0.0
Loudoun County,Lowes Island Elementary,0.003738317757009346
Loudoun County,Lucketts Elementary,0.0
Loudoun County,Madison's Trust Elementary,
Loudoun County,Meadowland Elementary,0.0
Loudoun County,Mercer Middle,
Loudoun County,Middleburg Community Charter,0.0
Loudoun County,Mill Run Elementary,0.0
Loudoun County,Moorefield Station Elementary,0.0
Loudoun County,Mountain View Elementary,0.0015015015015015015
Loudoun County,Newton-Lee Elementary,0.0
Loudoun County,Park View High,1.0
Loudoun County,Pinebrook Elementary,0.0
Loudoun County,Potomac Falls High,1.0
Loudoun County,Potowmack Elementary,0.0
Loudoun County,River Bend Middle,1.0
Loudoun County,Riverside High,1.0
Loudoun County,Rock Ridge High,1.0
Loudoun County,Rolling Ridge Elementary,0.0
Loudoun County,Rosa Lee Carter Elementary,0.0
Loudoun County,Round Hill Elementary,0.0
Loudoun County,Sanders Corner Elementary,0.0
Loudoun County,Seldens Landing Elementary,0.005172413793103448
Loudoun County,Seneca Ridge Middle,
Loudoun County,Smart's Mill Middle,0.0
Loudoun County,Sterling Elementary,0.0
Loudoun County,Sterling Middle,
Loudoun County,Steuart W. Weller Elementary,0.0
Loudoun County,Stone Bridge High,
Loudoun County,Stone Hill Middle,
Loudoun County,Sugarland Elementary,0.0
Loudoun County,Sully Elementary,0.0
Loudoun County,Sycolin Creek Elementary,0.0018587360594795538
Loudoun County,Trailside Middle,
Loudoun County,Tuscarora High,
Loudoun County,W.O. Robey High,0.0
Loudoun County,Waterford Elementary,0.0
Loudoun County,Waxpool Elementary,0.0
Loudoun County,Willard Middle,
Loudoun County,Woodgrove High,1.0
Louisa County,Jouett Elementary,0.0052173913043478265
Louisa County,Louisa County High,1.0
Louisa County,Louisa County Middle,1.0
Louisa County,Moss-Nuckols Elementary,0.00676818950930626
Louisa County,Thomas Jefferson Elementary,0.0
Louisa County,Trevilians Elementary,0.0
Lunenburg County,Central High,0.0020325203252032522
Lunenburg County,Kenbridge Elementary,0.0
Lunenburg County,Lunenburg Middle,0.0
Lunenburg County,Victoria Elementary,0.0
Lynchburg City,Bedford Hills Elementary,0.016129032258064516
Lynchburg City,Dearington Elementary/Innovation,0.006802721088435374
Lynchburg City,E.C. Glass High,1.0
Lynchburg City,Heritage Elementary,0.033482142857142856
Lynchburg City,Heritage High,1.0
Lynchburg City,Linkhorne Elementary,0.014150943396226415
Lynchburg City,Linkhorne Middle,0.005008347245409015
Lynchburg City,Paul Laurence Dunbar Middle for Innovation,0.007220216606498195
Lynchburg City,Paul Munro Elementary,0.008450704225352112
Lynchburg City,Perrymont Elementary,0.013477088948787063
Lynchburg City,Robert S. Payne Elementary,0.004405286343612335
Lynchburg City,Sandusky Elementary,0.0029585798816568047
Lynchburg City,Sandusky Middle,0.023722627737226276
Lynchburg City,Sheffield Elementary,0.017738359201773836
Lynchburg City,T.C. Miller Elementary for Innovation,0.014925373134328358
Lynchburg City,William M. Bass Elementary,0.020833333333333332
Madison County,Madison County High,0.007155635062611807
Madison County,Madison Primary,0.01092896174863388
Madison County,Waverly Yowell Elementary,0.011396011396011397
Madison County,William H. Wetsel Middle,0.002577319587628866
Manassas City,Baldwin Elementary,0.0045385779122541605
Manassas City,Baldwin Intermediate,0.0036496350364963502
Manassas City,George Carr Round Elementary,0.007339449541284404
Manassas City,Grace E. Metz Middle,1.0
Manassas City,Jennie Dean Elementary,0.0061823802163833074
Manassas City,Mayfield Intermediate,0.004987531172069825
Manassas City,Osbourn High,1.0
Manassas City,Richard C. Haydon Elementary,0.0061633281972265025
Manassas City,Weems Elementary,0.01584786053882726
Manassas Park City,Cougar Elementary,0.0
Manassas Park City,Manassas Park Elementary,0.0
Manassas Park City,Manassas Park High,
Manassas Park City,Manassas Park Middle,0.0
Martinsville City,Albert Harris Elementary,0.004962779156327543
Martinsville City,Clearview Early Learning Center,0.0
Martinsville City,Martinsville High,0.0035971223021582736
Martinsville City,Martinsville Middle,0.0024875621890547263
Martinsville City,Patrick Henry Elementary,0.0
Mathews County,Mathews Elementary,0.006269592476489028
Mathews County,Mathews High,0.0
Mathews County,Thomas Hunter Middle,0.006872852233676976
Mecklenburg County,Bluestone  High,0.0011890606420927466
Mecklenburg County,Bluestone Middle,0.0
Mecklenburg County,Chase City Elementary,0.005390835579514825
Mecklenburg County,Clarksville Elementary,0.002369668246445498
Mecklenburg County,LaCrosse Elementary,0.005747126436781609
Mecklenburg County,Park View High,0.0
Mecklenburg County,Park View Middle,0.003968253968253968
Mecklenburg County,South Hill Elementary,0.0013351134846461949
Middlesex County,Middlesex Elementary,0.0
Middlesex County,Middlesex High,0.0
Middlesex County,St. Clare Walker Middle,0.0
Montgomery County,Auburn Elementary,0.003629764065335753
Montgomery County,Auburn High,0.0
Montgomery County,Auburn Middle,0.0
Montgomery County,Belview Elementary,0.0072992700729927005
Montgomery County,Blacksburg High,1.0
Montgomery County,Blacksburg Middle,0.0010787486515641855
Montgomery County,Christiansburg Elementary,0.0
Montgomery County,Christiansburg High,1.0
Montgomery County,Christiansburg Middle,0.006305170239596469
Montgomery County,Christiansburg Primary,0.004576659038901602
Montgomery County,Eastern Montgomery Elementary,0.005025125628140704
Montgomery County,Eastern Montgomery High,0.023890784982935155
Montgomery County,Falling Branch Elementary,0.0035650623885918
Montgomery County,Gilbert Linkous Elementary,0.0
Montgomery County,Harding Avenue Elementary,0.007352941176470588
Montgomery County,Kipps Elementary,0.0
Montgomery County,Margaret Beeks Elementary,0.0
Montgomery County,Prices Fork Elementary,0.0
Montgomery County,Shawsville Middle,0.0047169811320754715
Nelson County,Nelson County High,0.001834862385321101
Nelson County,Nelson Middle,0.002785515320334262
Nelson County,Rockfish River Elementary,0.01048951048951049
Nelson County,Tye River Elementary,0.008620689655172414
New Kent County,George W. Watkins Elementary,0.004149377593360996
New Kent County,New Kent Elementary,0.0028530670470756064
New Kent County,New Kent High,
New Kent County,New Kent Middle,0.0
Newport News City,Achievable Dream Academy,0.0
Newport News City,Achievable Dream Middle/High,0.0
Newport News City,B.C. Charles Elementary,0.0
Newport News City,B.T. Washington Middle,0.0
Newport News City,Carver Elementary,0.0016863406408094434
Newport News City,Crittenden Middle,0.0011061946902654867
Newport News City,David A. Dutrow Elementary,0.0
Newport News City,Deer Park Elementary,0.0
Newport News City,Denbigh Early Childhood Center,0.0
Newport News City,Denbigh High,
Newport News City,Discovery STEM Academy,0.0
Newport News City,Ella J. Fitzgerald Middle,
Newport News City,Ethel M. Gildersleeve Middle,1.0
Newport News City,General Stanford Elementary,0.0020408163265306124
Newport News City,George J. McIntosh Elementary,0.0
Newport News City,Heritage High,1.0
Newport News City,Hidenwood Elementary,0.001838235294117647
Newport News City,Hilton Elementary,0.0
Newport News City,Homer L. Hines Middle,0.0031512605042016808
Newport News City,Huntington Middle,0.0070921985815602835
Newport News City,John Marshall Early Childhood Center,0.0
Newport News City,Joseph H. Saunders Elementary,0.0
Newport News City,Katherine Johnson Elementary,0.0019569471624266144
Newport News City,Kiln Creek Elementary,0.001610305958132045
Newport News City,Knollwood Meadows Elementary,0.0
Newport News City,L.F. Palmer Elementary,0.002398081534772182
Newport News City,Mary Passage Middle,0.005065856129685917
Newport News City,Menchville High,1.0
Newport News City,Newsome Park Elementary,0.0
Newport News City,Oliver C. Greenwood Elementary,0.0
Newport News City,Richard T. Yates Elementary,0.0
Newport News City,Richneck Elementary,0.0
Newport News City,Riverside Elementary,0.0
Newport News City,Sedgefield Elementary,0.0044943820224719105
Newport News City,Stoney Run Elementary,0.0
Newport News City,T. Ryland Sanford Elementary,0.003952569169960474
Newport News City,Warwick High,1.0
Newport News City,Watkins Early Childhood Center,0.0
Newport News City,Willis A. Jenkins Elementary,0.0
Newport News City,Woodside High,1.0
Norfolk City,Academy for Discovery at Lakewood,0.0
Norfolk City,Azalea Gardens Middle,0.002304147465437788
Norfolk City,Bay View Elementary,0.0
Norfolk City,Berkley/Campostella Early Childhood Education Center,0.012048192771084338
Norfolk City,Blair Middle,
Norfolk City,Booker T Washington High,0.003067484662576687
Norfolk City,Camp Allen Elementary,0.004842615012106538
Norfolk City,Chesterfield Academy Elementary,0.00625
Norfolk City,Coleman Place Elementary,0.0016286644951140066
Norfolk City,Crossroads Elementary,0.002577319587628866
Norfolk City,Easton Preschool,0.0
Norfolk City,Ghent K-8,0.00205761316872428
Norfolk City,Granby Elementary,0.0020161290322580645
Norfolk City,Granby High,1.0
Norfolk City,Ingleside Elementary,0.0
Norfolk City,Jacox Elementary,0.0
Norfolk City,James Monroe Elementary,0.0
Norfolk City,Lake Taylor,0.0
Norfolk City,Lake Taylor High,
Norfolk City,Larchmont Elementary,0.002232142857142857
Norfolk City,Larrymore Elementary,0.0
Norfolk City,Lindenwood Elementary,0.0
Norfolk City,Little Creek Elementary,0.001694915254237288
Norfolk City,Mary Calcott Elementary,0.0
Norfolk City,Matthew Fontaine Maury High,
Norfolk City,Northside Middle,0.0012706480304955528
Norfolk City,Norview Elementary,0.0
Norfolk City,Norview High,1.0
Norfolk City,Norview Middle,1.0
Norfolk City,Ocean View Elementary,0.0020325203252032522
Norfolk City,Oceanair Elementary,0.0022624434389140274
Norfolk City,P.B. Young Sr. Elementary,0.0
Norfolk City,Richard Bowling Elementary,0.004228329809725159
Norfolk City,Sewells Point Elementary,0.001976284584980237
Norfolk City,Sherwood Forest Elementary,0.0022222222222222222
Norfolk City,Southside STEM Academy at Campostella,0.0
Norfolk City,St. Helena Elementary,0.0
Norfolk City,Suburban Park Elementary,0.0
Norfolk City,Tanners Creek Elementary,0.0
Norfolk City,Tarrallton Elementary,0.009259259259259259
Norfolk City,Tidewater Park Elementary,0.0
Norfolk City,Walter Herron Taylor Elementary,0.0
Norfolk City,Willard Model Elementary,0.0
Norfolk City,William H. Ruffner Middle,0.0
Norfolk City,Willoughby Early Childhood Center,0.0
Northampton County,Kiptopeke Elementary,0.0
Northampton County,Northampton High,0.002347417840375587
Northampton County,Northampton Middle,0.0
Northampton County,Occohannock Elementary,0.0
Northumberland County,Northumberland Elementary,0.0018450184501845018
Northumberland County,Northumberland High,0.0
Northumberland County,Northumberland Middle,0.0
Norton City,J.I. Burton High,0.018575851393188854
Norton City,Norton Elementary,0.005940594059405941
Nottoway County,Blackstone Primary,0.002570694087403599
Nottoway County,Crewe Primary,0.0
Nottoway County,Nottoway High,0.0035460992907801418
Nottoway County,Nottoway Intermediate,0.004219409282700422
Nottoway County,Nottoway Middle,0.0
Orange County,Gordon-Barbour Elementary,0.006369426751592357
Orange County,Lightfoot Elementary,0.0
Orange County,Locust Grove Elementary,0.004032258064516129
Orange County,Locust Grove Middle,0.0
Orange County,Locust Grove Primary,0.0
Orange County,Orange County High,1.0
Orange County,Orange Elementary,0.007751937984496124
Orange County,Prospect Heights Middle,0.01050420168067227
Orange County,Unionville Elementary,0.0
Page County,Luray Elementary,0.0
Page County,Luray High,0.003976143141153081
Page County,Luray Middle,0.0
Page County,Page County High,0.014492753623188406
Page County,Page County Middle,0.0026595744680851063
Page County,Shenandoah Elementary,0.003257328990228013
Page County,Springfield Elementary,0.0
Page County,Stanley Elementary,0.002702702702702703
Patrick County,Blue Ridge Elementary,0.0
Patrick County,Hardin Reynolds Memorial School,0.02304147465437788
Patrick County,Meadows of Dan Elementary,0.0023584905660377358
Patrick County,Patrick County High,0.0011534025374855825
Patrick County,Patrick Springs Primary,0.015748031496062992
Patrick County,Stuart Elementary,0.0
Patrick County,Woolwine Elementary,0.006944444444444444
Petersburg City,Cool Spring Elementary,0.0019193857965451055
Petersburg City,Lakemont Elementary,0.0
Petersburg City,Petersburg High,1.0
Petersburg City,Pleasants Lane Elementary,0.0
Petersburg City,Vernon Johns Middle,0.0010905125408942203
Petersburg City,Walnut Hill Elementary,0.005714285714285714
Petersburg City,Westview Early Childhood Education Center,0.0
Pittsylvania County,Brosville Elementary,0.0
Pittsylvania County,Chatham Elementary,0.0041841004184100415
Pittsylvania County,Chatham High,0.00974025974025974
Pittsylvania County,Chatham Middle,0.0021645021645021645
Pittsylvania County,Dan River High,0.012738853503184714
Pittsylvania County,Dan River Middle,0.006756756756756757
Pittsylvania County,Gretna Elementary,0.0
Pittsylvania County,Gretna High,0.01263537906137184
Pittsylvania County,Gretna Middle,0.0024630541871921183
Pittsylvania County,John L. Hurt Elementary,0.004291845493562232
Pittsylvania County,Kentuck Elementary,0.0019880715705765406
Pittsylvania County,Mount Airy Elementary,0.0
Pittsylvania County,Southside Elementary,0.002544529262086514
Pittsylvania County,Stony Mill Elementary,0.004842615012106538
Pittsylvania County,Tunstall High,0.0011976047904191617
Pittsylvania County,Tunstall Middle,0.0
Pittsylvania County,Twin Springs Elementary,0.0
Pittsylvania County,Union Hall Elementary,0.0
Poquoson City,Poquoson Elementary,0.0
Poquoson City,Poquoson High,0.0
Poquoson City,Poquoson Middle,0.0
Poquoson City,Poquoson Primary,0.002150537634408602
Portsmouth City,Brighton Elementary,0.006944444444444444
Portsmouth City,Churchland Academy Elementary,0.0
Portsmouth City,Churchland Elementary,0.006134969325153374
Portsmouth City,Churchland High,1.0
Portsmouth City,Churchland Middle,0.0056947608200455585
Portsmouth City,Churchland Preschool Center,0.0
Portsmouth City,Churchland Primary & Intermediate,0.0
Portsmouth City,Cradock Elementary,0.0030075187969924814
Portsmouth City,Cradock Middle,0.0057251908396946565
Portsmouth City,Douglass Park Elementary,0.0
Portsmouth City,Hodges Manor Elementary,0.008298755186721992
Portsmouth City,I.C. Norcom High,1.0
Portsmouth City,Lakeview Elementary,0.002288329519450801
Portsmouth City,Manor High,1.0
Portsmouth City,Mount Hermon Preschool Center,0.013824884792626729
Portsmouth City,Olive Branch Preschool Center,0.0047169811320754715
Portsmouth City,Park View Elementary,0.009652509652509652
Portsmouth City,Simonsdale Elementary,0.0017064846416382253
Portsmouth City,Victory Elementary,0.005366726296958855
Portsmouth City,Waterview Elementary,0.0048543689320388345
Portsmouth City,Westhaven Elementary,0.010615711252653927
Portsmouth City,William E. Waters Middle,0.0
Powhatan County,Flat Rock Elementary,0.0030165912518853697
Powhatan County,Pocahontas Elementary,0.003937007874015748
Powhatan County,Powhatan Elementary,0.002277904328018223
Powhatan County,Powhatan High,1.0
Powhatan County,Powhatan Middle,0.004048582995951417
Prince Edward County,Prince Edward County High,0.01206896551724138
Prince Edward County,Prince Edward Elementary,0.015444015444015444
Prince Edward County,Prince Edward Middle,0.008928571428571428
Prince George County,David A. Harrison Elementary,0.003795066413662239
Prince George County,J.E.J. Moore Middle,1.0
Prince George County,L.L. Beazley Elementary,0.003246753246753247
Prince George County,North Elementary,0.0013333333333333333
Prince George County,Prince George High,1.0
Prince George County,South Elementary,0.0
Prince George County,William A. Walton Elementary,0.0017953321364452424
Prince William County,A. Henderson Elementary,0.0025380710659898475
Prince William County,Antietam Elementary,0.0
Prince William County,Ashland Elementary,0.0
Prince William County,Battlefield High,
Prince William County,Bel Air Elementary,0.0
Prince William County,Belmont Elementary,0.0
Prince William County,Bennett Elementary,0.0
Prince William County,Brentsville District High,0.0
Prince William County,Bristow Run Elementary,0.0
Prince William County,Buckland Mills Elementary,0.0
Prince William County,Bull Run Middle,1.0
Prince William County,C.A. Sinclair Elementary,0.0
Prince William County,C.D. Hylton High,1.0
Prince William County,Cedar Point Elementary,0.0
Prince William County,Charles J. Colgan Sr. High,1.0
Prince William County,Chris Yung Elementary,0.0012578616352201257
Prince William County,Coles Elementary,0.0
Prince William County,Covington-Harper Elementary,0.0
Prince William County,Dale City Elementary,0.0
Prince William County,Dumfries Elementary,0.0
Prince William County,E.H. Marsteller Middle,
Prince William County,Elizabeth Vaughan Elementary,0.0
Prince William County,Enterprise Elementary,0.0
Prince William County,Fannie W. Fitzgerald Elementary,0.0011086474501108647
Prince William County,Featherstone Elementary,0.001953125
Prince William County,Forest Park High,1.0
Prince William County,Fred M. Lynn Middle,1.0
Prince William County,Freedom High,1.0
Prince William County,Gainesville High,1.0
Prince William County,Gainesville Middle,1.0
Prince William County,Gar-Field High,
Prince William County,George G. Tyler Elementary,0.0
Prince William County,George M. Hampton Middle,0.0
Prince William County,George P. Mullen Elementary,0.0
Prince William County,Glenkirk Elementary,0.0
Prince William County,Graham Park Middle,0.0027624309392265192
Prince William County,Haymarket Elementary,0.0
Prince William County,Herbert J. Saunders Middle,1.0
Prince William County,J.W. Alvey Elementary,0.0
Prince William County,John D. Jenkins Elementary,0.0
Prince William County,John F. Pattie Sr. Elementary,0.0
Prince William County,Kerrydale Elementary,0.0
Prince William County,Kyle R. Wilson Elementary,0.0
Prince William County,Lake Ridge Elementary,0.001455604075691412
Prince William County,Lake Ridge Middle,1.0
Prince William County,Leesylvania Elementary,0.0
Prince William County,Loch Lomond Elementary,0.0
Prince William County,Louise A. Benton Middle,1.0
Prince William County,Martin Luther King Jr. Elementary,0.0
Prince William County,Marumsco Hills Elementary,0.0
Prince William County,Mary G. Porter Traditional,0.0
Prince William County,Mary Williams Elementary,0.0
Prince William County,Minnieville Elementary,0.0
Prince William County,Montclair Elementary,0.0
Prince William County,Mountain View Elementary,0.0
Prince William County,Neabsco Elementary,0.0
Prince William County,Occoquan Elementary,0.0
Prince William County,Old Bridge Elementary,0.0
Prince William County,Osbourn Park High,1.0
Prince William County,Parkside Middle,1.0
Prince William County,Patriot High,1.0
Prince William County,Pennington Traditional,0.0
Prince William County,Piney Branch Elementary,0.0
Prince William County,Potomac High,1.0
Prince William County,Potomac Middle,0.0
Prince William County,Potomac Shores Middle,1.0
Prince William County,Potomac View Elementary,0.0
Prince William County,R. Dean Kilby Elementary,0.0
Prince William County,Rippon Middle,1.0
Prince William County,River Oaks Elementary,0.0
Prince William County,Rockledge Elementary,0.0
Prince William County,Ronald Wilson Reagan Middle,1.0
Prince William County,Rosa Parks Elementary,0.0
Prince William County,Samuel L. Gravely Jr. Elementary,0.0012376237623762376
Prince William County,Sharon C. McAuliffe Elementary,0.0
Prince William County,Signal Hill Elementary,0.0013315579227696406
Prince William County,Sonnie Penn Elementary,0.0
Prince William County,Springwoods Elementary,0.0011574074074074073
Prince William County,Stuart M. Beville Middle,1.0
Prince William County,Sudley Elementary,0.0
Prince William County,Suella G. Ellis Elementary,0.0
Prince William County,Swans Creek Elementary,0.0016339869281045752
Prince William County,T. Clay Wood Elementary,0.0
Prince William County,The Nokesville School,
Prince William County,Thurgood Marshall Elementary,0.0
Prince William County,Triangle Elementary,0.001366120218579235
Prince William County,Unity Braxton Middle,
Prince William County,Unity Reed High,1.0
Prince William County,Victory Elementary,0.0
Prince William County,West Gate Elementary,0.0
Prince William County,Westridge Elementary,0.0029069767441860465
Prince William County,Woodbine Pre-School Center,0.0
Prince William County,Woodbridge High,1.0
Prince William County,Woodbridge Middle,
Prince William County,Yorkshire Elementary,0.0
Pulaski County,Critzer Elementary,0.002506265664160401
Pulaski County,Dublin Elementary,0.0
Pulaski County,Pulaski County Middle,0.0022002200220022
Pulaski County,Pulaski County Senior High,1.0
Pulaski County,Pulaski Elementary,0.003875968992248062
Pulaski County,Riverlawn Elementary,0.0
Pulaski County,Snowville Elementary,0.0049261083743842365
Radford City,Belle Heth Elementary,0.003092783505154639
Radford City,John N. Dalton Intermediate,0.0019193857965451055
Radford City,McHarg Elementary,0.005249343832020997
Radford City,Radford High,0.0
Rappahannock County,Rappahannock County Elementary,0.0022222222222222222
Rappahannock County,Rappahannock County High,0.0033003300330033004
Richmond City,Albert Hill Middle,0.0
Richmond City,Amelia Street Special Education,0.0
Richmond City,Armstrong High,0.005154639175257732
Richmond City,Barack Obama Elementary,0.0
Richmond City,Bellevue Elementary,0.0
Richmond City,Binford Middle,0.0
Richmond City,Blackwell Elementary,0.0
Richmond City,Broad Rock Elementary,0.0
Richmond City,Cardinal Elementary,0.0
Richmond City,Chimborazo Elementary,0.0
Richmond City,Elizabeth D. Redd Elementary,0.0026246719160104987
Richmond City,Fairfield Court Elementary,0.0
Richmond City,Franklin Military Academy,0.0
Richmond City,G.H. Reid Elementary,0.003076923076923077
Richmond City,George W. Carver Elementary,0.0
Richmond City,George Wythe High,1.0
Richmond City,Ginter Park Elementary,0.0
Richmond City,Henderson Middle,0.0
Richmond City,Henry Marsh III Elementary,0.0
Richmond City,Huguenot High,1.0
Richmond City,J.B. Fisher Elementary,0.0
Richmond City,J.L. Francis Elementary,0.0
Richmond City,John B. Cary Elementary,0.0
Richmond City,John Marshall High,0.0018450184501845018
Richmond City,Linwood Holton Elementary,0.0
Richmond City,Lucille M. Brown Middle,0.0
Richmond City,Martin Luther King Jr. Early Learning Center,0.0
Richmond City,Martin Luther King Jr. Middle,0.0
Richmond City,Mary Munford Elementary,0.0
Richmond City,Maymont Pre-K Center,0.0
Richmond City,Miles Jones Elementary,0.0
Richmond City,Oak Grove/Bellemeade Elementary,0.0018315018315018315
Richmond City,Open High,0.0
Richmond City,Overby-Sheppard Elementary,0.0
Richmond City,Patrick Henry School Of Science And Arts,0.0
Richmond City,Richmond Alternative,0.014084507042253521
Richmond City,Richmond Career Education and Employment Charter School,0.0
Richmond City,Richmond Community High,0.0
Richmond City,River City Middle,1.0
Richmond City,Southampton Elementary,0.0
Richmond City,Summer Hill Preschool Center,0.0
Richmond City,Swansboro Elementary,0.0
Richmond City,Thomas C. Boushall Middle,0.0
Richmond City,Thomas Jefferson High,0.0011013215859030838
Richmond City,Westover Hills Elementary,0.0
Richmond City,William Fox Elementary,0.0
Richmond City,Woodville Elementary,0.0
Richmond County,Rappahannock High,0.0018484288354898336
Richmond County,Richmond County Elementary,0.002472187886279357
Roanoke City,Addison Aerospace Magnet Middle,0.003418803418803419
Roanoke City,Breckinridge Middle,0.004491017964071856
Roanoke City,Crystal Spring Elementary,0.003115264797507788
Roanoke City,Fairview Elementary,0.0078125
Roanoke City,Fallon Park Elementary,0.01060070671378092
Roanoke City,Fishburn Park Elementary,0.007326007326007326
Roanoke City,Garden City Elementary,0.0
Roanoke City,Grandin Court Elementary,0.014534883720930232
Roanoke City,Highland Park Elementary,0.0026595744680851063
Roanoke City,Hurt Park Elementary,0.0
Roanoke City,James Madison Middle,0.005119453924914676
Roanoke City,John P. Fishwick Middle,0.004056795131845842
Roanoke City,Lincoln Terrace Elementary,0.010309278350515464
Roanoke City,Monterey Elementary,0.0
Roanoke City,Morningside Elementary,0.011450381679389313
Roanoke City,Patrick Henry High,1.0
Roanoke City,Preston Park Elementary,0.001953125
Roanoke City,Roanoke Academy For Mathematics & Science Elementary,0.0
Roanoke City,Round Hill Elementary,0.0026845637583892616
Roanoke City,Virginia Heights Elementary,0.0
Roanoke City,Wasena Elementary,0.018604651162790697
Roanoke City,Westside Elementary,0.0
Roanoke City,William Fleming High,1.0
Roanoke City,Woodrow Wilson Middle,0.004608294930875576
Roanoke County,Back Creek Elementary,0.0
Roanoke County,Bonsack Elementary,0.0030959752321981426
Roanoke County,Burlington Elementary,0.0022222222222222222
Roanoke County,Cave Spring Elementary,0.0020491803278688526
Roanoke County,Cave Spring High,1.0
Roanoke County,Cave Spring Middle,0.003870967741935484
Roanoke County,Clearbrook Elementary,0.002976190476190476
Roanoke County,Fort Lewis Elementary,0.0
Roanoke County,Glen Cove Elementary,0.0
Roanoke County,Glenvar Elementary,0.005865102639296188
Roanoke County,Glenvar High,0.004815409309791332
Roanoke County,Glenvar Middle,0.004545454545454545
Roanoke County,Green Valley Elementary,0.0055658627087198514
Roanoke County,Herman L. Horn Elementary,0.0024813895781637717
Roanoke County,Hidden Valley High,0.0036540803897685747
Roanoke County,Hidden Valley Middle,0.0
Roanoke County,Mason's Cove Elementary,0.009852216748768473
Roanoke County,Mount Pleasant Elementary,0.00796812749003984
Roanoke County,Mountain View Elementary,0.009316770186335404
Roanoke County,Northside High,0.017524644030668127
Roanoke County,Northside Middle,0.0076103500761035
Roanoke County,Oak Grove Elementary,0.0049261083743842365
Roanoke County,Penn Forest Elementary,0.0022935779816513763
Roanoke County,W.E. Cundiff Elementary,0.0019880715705765406
Roanoke County,William Byrd High,1.0
Roanoke County,William Byrd Middle,0.002306805074971165
Rockbridge County,Central Elementary,0.0
Rockbridge County,Fairfield Elementary,0.0
Rockbridge County,Maury River Middle,0.0
Rockbridge County,Mountain View Elementary,0.0
Rockbridge County,Natural Bridge Elementary,0.0
Rockbridge County,Rockbridge County High,
Rockingham County,Broadway High,0.007276507276507277
Rockingham County,Cub Run Elementary,0.001466275659824047
Rockingham County,East Rockingham High,0.006570302233902759
Rockingham County,Elkton Elementary,0.007142857142857143
Rockingham County,Elkton Middle,0.0016863406408094434
Rockingham County,Fulks Run Elementary,0.0
Rockingham County,J. Frank Hillyard Middle,0.0
Rockingham County,John C. Myers Elementary,0.0
Rockingham County,John W. Wayland Elementary,0.0
Rockingham County,Lacey Spring Elementary,0.004149377593360996
Rockingham County,Linville-Edom Elementary,0.0
Rockingham County,McGaheysville Elementary,0.008438818565400843
Rockingham County,Montevideo Middle,0.0016286644951140066
Rockingham County,Mountain View Elementary,0.007853403141361256
Rockingham County,Ottobine Elementary,0.0
Rockingham County,Peak View Elementary,0.0
Rockingham County,Plains Elementary,0.0045662100456621
Rockingham County,Pleasant Valley Elementary,0.0
Rockingham County,River Bend Elementary,0.005813953488372093
Rockingham County,South River Elementary,0.0
Rockingham County,Spotswood High,0.004201680672268907
Rockingham County,Turner Ashby High,1.0
Rockingham County,Wilbur S. Pence Middle,0.004267425320056899
Russell County,Belfast Elementary,0.02112676056338028
Russell County,Castlewood Elementary,0.003115264797507788
Russell County,Castlewood High,0.0
Russell County,Copper Creek Elementary,0.0
Russell County,Honaker Elementary,0.003418803418803419
Russell County,Honaker High,0.004338394793926247
Russell County,Lebanon Elementary,0.0
Russell County,Lebanon High,0.005119453924914676
Russell County,Lebanon Middle,0.0032679738562091504
Russell County,Lebanon Primary,0.008298755186721992
Russell County,Swords Creek Elementary,0.018691588785046728
Salem City,Andrew Lewis Middle,0.007891770011273957
Salem City,East Salem Elementary,0.004576659038901602
Salem City,G.W. Carver Elementary,0.002232142857142857
Salem City,Salem High,1.0
Salem City,South Salem Elementary,0.002638522427440633
Salem City,West Salem Elementary,0.02506265664160401
Scott County,Duffield-Pattonsville Primary,0.0
Scott County,Dungannon Intermediate,0.0
Scott County,Fort Blackmore Primary,0.0
Scott County,Gate City High,0.01238390092879257
Scott County,Gate City Middle,0.00303951367781155
Scott County,Hilton Elementary,0.019867549668874173
Scott County,Nickelsville Elementary,0.015444015444015444
Scott County,Rye Cove High,0.0
Scott County,Rye Cove Intermediate,0.0
Scott County,Shoemaker Elementary,0.005893909626719057
Scott County,Twin Springs High,0.00816326530612245
Scott County,Weber City Elementary,0.0029585798816568047
Scott County,Yuma Elementary,0.009708737864077669
Shenandoah County,Central High,0.005263157894736842
Shenandoah County,Honey Run Elementary,0.0
Shenandoah County,Mountain View High,0.005
Shenandoah County,North Fork Middle,0.002857142857142857
Shenandoah County,Peter Muhlenberg Middle,0.005836575875486381
Shenandoah County,Sandy Hook Elementary,0.002333722287047841
Shenandoah County,Signal Knob Middle,0.002173913043478261
Shenandoah County,Strasburg High,0.0
Shenandoah County,W.W. Robinson Elementary,1.0
Smyth County,Atkins Elementary,0.011560693641618497
Smyth County,Chilhowie Elementary,0.016129032258064516
Smyth County,Chilhowie High,0.007125890736342043
Smyth County,Chilhowie Middle,0.0034602076124567475
Smyth County,Marion Elementary,0.0
Smyth County,Marion Middle,0.0022222222222222222
Smyth County,Marion Senior High,0.010869565217391304
Smyth County,Northwood High,0.008264462809917356
Smyth County,Northwood Middle,0.0
Smyth County,Oak Point Elementary,0.0221606648199446
Smyth County,Rich Valley Elementary,0.04032258064516129
Smyth County,Saltville Elementary,0.01
Smyth County,Sugar Grove Elementary,0.0
Southampton County,Capron Elementary,0.0
Southampton County,Meherrin Elementary,0.004219409282700422
Southampton County,Nottoway Elementary,0.0
Southampton County,Riverdale Elementary,0.0
Southampton County,Southampton High,0.0026702269692923898
Southampton County,Southampton Middle,0.0015479876160990713
Spotsylvania County,Battlefield Elementary,0.002967359050445104
Spotsylvania County,Battlefield Middle,0.006038647342995169
Spotsylvania County,Berkeley Elementary,0.0
Spotsylvania County,Brock Road Elementary,0.0
Spotsylvania County,Cedar Forest Elementary,0.002631578947368421
Spotsylvania County,Chancellor Elementary,0.0
Spotsylvania County,Chancellor High,1.0
Spotsylvania County,Chancellor Middle,0.0
Spotsylvania County,Courthouse Road Elementary,0.0
Spotsylvania County,Courtland Elementary,0.0019880715705765406
Spotsylvania County,Courtland High,1.0
Spotsylvania County,Freedom Middle,0.0
Spotsylvania County,Harrison Road Elementary,0.0
Spotsylvania County,Lee Hill Elementary,0.0
Spotsylvania County,Livingston Elementary,0.0
Spotsylvania County,Massaponax High,1.0
Spotsylvania County,Ni River Middle,0.001392757660167131
Spotsylvania County,Parkside Elementary,0.001053740779768177
Spotsylvania County,Post Oak Middle,0.00430416068866571
Spotsylvania County,Riverbend High,
Spotsylvania County,Riverview Elementary,0.0060882800608828
Spotsylvania County,Salem Elementary,0.001692047377326565
Spotsylvania County,Smith Station Elementary,0.004411764705882353
Spotsylvania County,Spotswood Elementary,0.007797270955165692
Spotsylvania County,Spotsylvania Elementary,0.0
Spotsylvania County,Spotsylvania High,1.0
Spotsylvania County,Spotsylvania Middle,0.00411522633744856
Spotsylvania County,Thornburg Middle,0.001488095238095238
Spotsylvania County,Wilderness Elementary,0.003125
Stafford County,Andrew G. Wright Middle,0.0011273957158962795
Stafford County,Anne E. Moncure Elementary,0.0011655011655011655
Stafford County,Anthony Burns Elementary,0.0
Stafford County,Brooke Point High,1.0
Stafford County,Colonial Forge High,1.0
Stafford County,Conway Elementary,0.0010615711252653928
Stafford County,Donald B. Dixon-Lyle R. Smith Middle,0.0
Stafford County,Edward E. Drew Jr. Middle,0.0031446540880503146
Stafford County,Falmouth Elementary,0.006514657980456026
Stafford County,Ferry Farm Elementary,0.003236245954692557
Stafford County,Garrisonville Elementary,0.0
Stafford County,Grafton Village Elementary,0.0
Stafford County,H.H. Poole Middle,0.0
Stafford County,Hampton Oaks Elementary,0.0011534025374855825
Stafford County,Hartwood Elementary,0.005084745762711864
Stafford County,Kate Waller Barrett Elementary,0.0
Stafford County,Margaret Brent Elementary,0.0024968789013732834
Stafford County,Mountain View High,1.0
Stafford County,North Stafford High,1.0
Stafford County,North Star Early Childhood Education Center,0.0
Stafford County,Park Ridge Elementary,0.0010256410256410256
Stafford County,Rising Star Early Childhood Education Center at Melchers,0.0
Stafford County,Rockhill Elementary,0.0
Stafford County,Rocky Run Elementary,0.001128668171557562
Stafford County,Rodney E. Thompson Middle,0.0
Stafford County,Shirley C. Heim Middle,0.0
Stafford County,Stafford Elementary,0.0014204545454545455
Stafford County,Stafford Middle,0.0011025358324145535
Stafford County,Stafford Senior High,1.0
Stafford County,T. Benton Gayle Middle,0.0010548523206751054
Stafford County,Widewater Elementary,0.0
Stafford County,Winding Creek Elementary,0.0012578616352201257
Staunton City,Arthur R. Ware Elementary,0.007653061224489796
Staunton City,Bessie Weller Elementary,0.008108108108108109
Staunton City,Shelburne Middle,0.005008347245409015
Staunton City,Staunton City School PreSchool Programs,0.008771929824561403
Staunton City,Staunton High,0.008333333333333333
Staunton City,Thomas C. McSwain Elementary,0.0
Suffolk City,Booker T. Washington Elementary,0.0
Suffolk City,Colonel Fred Cherry Middle,0.0
Suffolk City,Creekside Elementary,0.0
Suffolk City,Elephant's Fork Elementary,0.003766478342749529
Suffolk City,Florence Bowser Elementary,0.0013089005235602095
Suffolk City,Forest Glen Middle,0.0
Suffolk City,Hillpoint Elementary,0.0
Suffolk City,John F. Kennedy Middle,0.0
Suffolk City,John Yeates Middle,0.0
Suffolk City,Kilby Shores Elementary,0.0
Suffolk City,King's Fork High,
Suffolk City,King's Fork Middle,1.0
Suffolk City,Lakeland High,1.0
Suffolk City,Mack Benn Jr. Elementary,0.0
Suffolk City,Nansemond Parkway Elementary,0.0
Suffolk City,Nansemond River High,1.0
Suffolk City,Northern Shores Elementary,0.003865979381443299
Suffolk City,Oakland Elementary,0.004366812227074236
Suffolk City,Southwestern Elementary,0.0
Surry County,Luther P. Jackson Middle,0.005291005291005291
Surry County,Surry County High,0.0
Surry County,Surry Elementary,0.0
Sussex County,Sussex Central Elementary,0.004555808656036446
Sussex County,Sussex Central High,0.0
Sussex County,Sussex Central Middle,0.004464285714285714
Tazewell County,Abb's Valley-Boissevain Elementary,0.0
Tazewell County,Cedar Bluff Elementary,0.007594936708860759
Tazewell County,Dudley Primary,0.011764705882352941
Tazewell County,Graham High,0.001949317738791423
Tazewell County,Graham Intermediate,0.0
Tazewell County,Graham Middle,0.0
Tazewell County,Richlands Elementary,0.010344827586206896
Tazewell County,Richlands High,0.0029411764705882353
Tazewell County,Richlands Middle,0.0
Tazewell County,Tazewell High,0.005836575875486381
Tazewell County,Tazewell Intermediate,0.005633802816901409
Tazewell County,Tazewell Middle,0.01092896174863388
Tazewell County,Tazewell Primary,0.0024330900243309003
Virginia Beach City,Alanton Elementary,0.0
Virginia Beach City,Arrowhead Elementary,0.0038535645472061657
Virginia Beach City,Bayside 6th Grade Campus,0.0
Virginia Beach City,Bayside Elementary,0.0
Virginia Beach City,Bayside High,1.0
Virginia Beach City,Bayside Middle,0.0013089005235602095
Virginia Beach City,Birdneck Elementary,0.001607717041800643
Virginia Beach City,Brandon Middle,1.0
Virginia Beach City,Brookwood Elementary,0.0035211267605633804
Virginia Beach City,Centerville Elementary,0.001607717041800643
Virginia Beach City,Christopher Farms Elementary,0.0015220700152207
Virginia Beach City,College Park Elementary,0.004098360655737705
Virginia Beach City,Corporate Landing Elementary,0.0
Virginia Beach City,Corporate Landing Middle,1.0
Virginia Beach City,Creeds Elementary,0.0
Virginia Beach City,Diamond Springs Elementary,0.0018975332068311196
Virginia Beach City,Fairfield Elementary,0.00390625
Virginia Beach City,First Colonial High,1.0
Virginia Beach City,Floyd Kellam High,1.0
Virginia Beach City,Frank W. Cox High,1.0
Virginia Beach City,Glenwood Elementary,0.0
Virginia Beach City,Great Neck Middle,
Virginia Beach City,Green Run Collegiate,0.0025
Virginia Beach City,Green Run Elementary,0.0
Virginia Beach City,Green Run High,1.0
Virginia Beach City,Hermitage Elementary,0.004024144869215292
Virginia Beach City,Holland Elementary,0.004357298474945534
Virginia Beach City,Independence Middle,1.0
Virginia Beach City,Indian Lakes Elementary,0.003590664272890485
Virginia Beach City,John B. Dey Elementary,0.0
Virginia Beach City,Kempsville Elementary,0.0022727272727272726
Virginia Beach City,Kempsville High,
Virginia Beach City,Kempsville Meadows Elementary,0.0
Virginia Beach City,Kempsville Middle,0.0
Virginia Beach City,King's Grant Elementary,0.002004008016032064
Virginia Beach City,Kingston Elementary,0.0
Virginia Beach City,Landstown Elementary,0.004195804195804196
Virginia Beach City,Landstown High,
Virginia Beach City,Landstown Middle,1.0
Virginia Beach City,Larkspur Middle,1.0
Virginia Beach City,Linkhorn Park Elementary,0.0
Virginia Beach City,Luxford Elementary,0.0
Virginia Beach City,Lynnhaven Elementary,0.0
Virginia Beach City,Lynnhaven Middle,0.0
Virginia Beach City,Malibu Elementary,0.002688172043010753
Virginia Beach City,New Castle Elementary,0.0
Virginia Beach City,Newtown Elementary,0.0
Virginia Beach City,North Landing Elementary,0.002207505518763797
Virginia Beach City,Ocean Lakes Elementary,0.0
Virginia Beach City,Ocean Lakes High,
Virginia Beach City,Old Donation School,
Virginia Beach City,Parkway Elementary,0.0
Virginia Beach City,Pembroke Elementary,0.0020491803278688526
Virginia Beach City,Pembroke Meadows Elementary,0.0
Virginia Beach City,Plaza Middle,1.0
Virginia Beach City,Point O' View Elementary,0.0
Virginia Beach City,Princess Anne Elementary,0.0
Virginia Beach City,Princess Anne High,1.0
Virginia Beach City,Princess Anne Middle,
Virginia Beach City,Providence Elementary,0.0
Virginia Beach City,Red Mill Elementary,0.0
Virginia Beach City,Rosemont Elementary,0.002325581395348837
Virginia Beach City,Rosemont Forest Elementary,0.0019120458891013384
Virginia Beach City,Salem Elementary,0.001869158878504673
Virginia Beach City,Salem High,1.0
Virginia Beach City,Salem Middle,
Virginia Beach City,Seatack Elementary an Achievable Dream Academy,0.0027100271002710027
Virginia Beach City,Shelton Park Elementary,0.0
Virginia Beach City,Strawbridge Elementary,0.0
Virginia Beach City,Tallwood Elementary,0.0017730496453900709
Virginia Beach City,Tallwood High,1.0
Virginia Beach City,Thalia Elementary,0.001838235294117647
Virginia Beach City,Thoroughgood Elementary,0.001375515818431912
Virginia Beach City,Three Oaks Elementary,0.0
Virginia Beach City,Trantwood Elementary,0.0
Virginia Beach City,Virginia Beach Middle,0.0
Virginia Beach City,W.T. Cooke Elementary,0.003795066413662239
Virginia Beach City,White Oaks Elementary,0.001584786053882726
Virginia Beach City,Williams Elementary,0.0
Virginia Beach City,Windsor Oaks Elementary,0.0
Virginia Beach City,Windsor Woods Elementary,0.00477326968973747
Virginia Beach City,Woodstock Elementary,0.0
Warren County,A.S. Rhodes Elementary,0.0037313432835820895
Warren County,E. Wilson Morrison Elementary,0.0020920502092050207
Warren County,Hilda J. Barbour Elementary,0.0
Warren County,Leslie Fox Keyser Elementary,0.0
Warren County,Ressie Jeffries Elementary,0.0033783783783783786
Warren County,Skyline High,0.0
Warren County,Skyline Middle,0.0017123287671232876
Warren County,Warren County High,0.0023501762632197414
Warren County,Warren County Middle,0.0
Washington County,Abingdon Elementary,0.011337868480725623
Washington County,Abingdon High,0.009291521486643438
Washington County,Damascus Middle,0.012121212121212121
Washington County,E.B. Stanley Middle,0.004573170731707317
Washington County,Glade Spring Middle,0.010869565217391304
Washington County,Greendale Elementary,0.01090909090909091
Washington County,High Point Elementary,0.009208103130755065
Washington County,Holston High,0.0
Washington County,John S. Battle High,0.006134969325153374
Washington County,Meadowview Elementary,0.011857707509881422
Washington County,Patrick Henry High,0.012531328320802004
Washington County,Rhea Valley Elementary,0.020151133501259445
Washington County,Valley Institute Elementary,0.0036363636363636364
Washington County,Wallace Middle,0.002197802197802198
Washington County,Watauga Elementary,0.005338078291814947
Waynesboro City,Berkeley Glenn Elementary,0.01639344262295082
Waynesboro City,Kate Collins Middle,0.002881844380403458
Waynesboro City,Wayne Hills Center,0.006896551724137931
Waynesboro City,Waynesboro High,0.00782122905027933
Waynesboro City,Wenonah Elementary,0.008547008547008548
Waynesboro City,Westwood Hills Elementary,0.015748031496062992
Waynesboro City,William Perry Elementary,0.0
West Point,West Point Elementary,0.0
West Point,West Point Middle/High,0.0
Westmoreland County,Cople Elementary,0.0029585798816568047
Westmoreland County,Montross Middle,0.003003003003003003
Westmoreland County,Washington & Lee High,0.0
Westmoreland County,Washington District Elementary,0.005333333333333333
Williamsburg-James City County,Berkeley Middle,0.0
Williamsburg-James City County,Clara Byrd Baker Elementary,0.0
Williamsburg-James City County,D.J. Montague Elementary,0.0
Williamsburg-James City County,J. Blaine Blayton Elementary,0.0
Williamsburg-James City County,James Blair Middle,0.0
Williamsburg-James City County,James River Elementary,0.0
Williamsburg-James City County,Jamestown High,1.0
Williamsburg-James City County,Lafayette High,1.0
Williamsburg-James City County,Laurel Lane Elementary,0.0
Williamsburg-James City County,Lois Hornsby Middle,0.0025220680958385876
Williamsburg-James City County,Matoaka Elementary,0.0014814814814814814
Williamsburg-James City County,Matthew Whaley Elementary,0.0
Williamsburg-James City County,Norge Elementary,0.0
Williamsburg-James City County,Stonehouse Elementary,0.011873350923482849
Williamsburg-James City County,Toano Middle,0.00487012987012987
Williamsburg-James City County,Warhill High,1.0
Winchester City,Daniel Morgan Intermediate,0.0
Winchester City,Daniel Morgan Middle,0.0
Winchester City,Frederick Douglass Elementary,0.0
Winchester City,Garland R. Quarles Elementary,0.0
Winchester City,John Handley High,1.0
Winchester City,John Kerr Elementary,0.007952286282306162
Winchester City,Virginia Avenue Charlotte Dehart Elementary,0.005037783375314861
Wise County,Central High,0.007352941176470588
Wise County,Coeburn Middle,0.0
Wise County,Coeburn Primary,0.011337868480725623
Wise County,Eastside High,0.0026041666666666665
Wise County,J.W. Adams Combined,0.010121457489878543
Wise County,L.F. Addington Middle,0.013303769401330377
Wise County,St. Paul Elementary,0.0
Wise County,Union High,0.006944444444444444
Wise County,Union Middle,0.0017064846416382253
Wise County,Union Primary,0.007151370679380214
Wise County,Wise Primary,0.0156794425087108
Wythe County,Fort Chiswell High,0.004366812227074236
Wythe County,Fort Chiswell Middle,0.0
Wythe County,George Wythe High,0.0066815144766146995
Wythe County,Jackson Memorial Elementary,0.0
Wythe County,Max Meadows Elementary,0.019230769230769232
Wythe County,Rural Retreat Elementary,0.008849557522123894
Wythe County,Rural Retreat High,0.021806853582554516
Wythe County,Rural Retreat Middle,0.0
Wythe County,Scott Memorial Middle,0.015625
Wythe County,Sheffey Elementary,0.0
Wythe County,Speedwell Elementary,0.020833333333333332
Wythe County,Spiller Elementary,0.003401360544217687
York County,Bethel Manor Elementary,0.0
York County,Bruton High,0.0
York County,Coventry Elementary,0.002857142857142857
York County,Dare Elementary,0.0
York County,Grafton Bethel Elementary,0.0
York County,Grafton High,1.0
York County,Grafton Middle,0.0011350737797956867
York County,Magruder Elementary,0.0
York County,Mount Vernon Elementary,0.0
York County,Queens Lake Middle,0.0
York County,Seaford Elementary,0.0
York County,Tabb Elementary,0.0
York County,Tabb High,1.0
York County,Tabb Middle,0.0
York County,Waller Mill Elementary,0.0
York County,York High,
York County,York River Academy,0.0
York County,Yorktown Elementary,0.0
York County,Yorktown Middle,0.0015600624024961
